date,close
2016-07-01 20:00:00,18.54032503698225
2016-07-04 20:00:00,18.466674149408284
2016-07-05 20:00:00,17.85992380952381
2016-07-06 20:00:00,17.876890960989535
2016-07-07 20:00:00,17.8556101836394
2016-07-08 20:00:00,18.191313585576435
2016-07-11 20:00:00,18.59650756302521
2016-07-12 20:00:00,18.73446883910387
2016-07-13 20:00:00,18.891132957292506
2016-07-14 20:00:00,19.09482344944775
2016-07-15 20:00:00,18.984248324221532
2016-07-18 20:00:00,18.944520295202953
2016-07-19 20:00:00,18.799787005649716
2016-07-20 20:00:00,19.068098113207547
2016-07-21 20:00:00,19.0097
2016-07-22 20:00:00,19.02141355674029
2016-07-25 20:00:00,19.191110452961674
2016-07-26 20:00:00,19.271470796460175
2016-07-27 20:00:00,19.497278754578755
2016-07-28 20:00:00,19.566423802281367
2016-07-29 20:00:00,19.668930659313112
2016-08-01 20:00:00,19.569122588424438
2016-08-02 20:00:00,19.39376537369915
2016-08-03 20:00:00,19.401828493150685
2016-08-04 20:00:00,19.43259462184874
2016-08-05 20:00:00,19.61204417131272
2016-08-08 20:00:00,19.722560158311346
2016-08-09 20:00:00,20.22653902439024
2016-08-10 20:00:00,20.284672093023257
2016-08-11 20:00:00,20.36476229903537
2016-08-12 20:00:00,20.3480846
2016-08-15 20:00:00,20.424868
2016-08-16 20:00:00,20.4844750965251
2016-08-17 20:00:00,20.376522592259224
2016-08-18 20:00:00,20.449585714285714
2016-08-19 20:00:00,20.350609943748868
2016-08-22 20:00:00,20.407441734712393
2016-08-23 20:00:00,20.441239370683036
2016-08-24 20:00:00,20.297577410832233
2016-08-25 20:00:00,20.210931282495668
2016-08-26 20:00:00,20.001621911949684
2016-08-29 20:00:00,20.169585395051875
2016-08-30 20:00:00,20.213596394686906
2016-08-31 20:00:00,20.138127452054793
2016-09-01 20:00:00,20.190574789915967
2016-09-02 20:00:00,20.30508133595285
2016-09-05 20:00:00,20.36109705304519
2016-09-06 20:00:00,20.487367483506127
2016-09-07 20:00:00,20.557201757469244
2016-09-08 20:00:00,20.40722736935341
2016-09-09 20:00:00,20.047847436859215
2016-09-12 20:00:00,20.02386019417476
2016-09-13 20:00:00,19.846456442831215
2016-09-14 20:00:00,19.89830836473248
2016-09-15 20:00:00,19.92276923076923
2016-09-16 20:00:00,19.528269637462234
2016-09-19 20:00:00,19.70426456759026
2016-09-20 20:00:00,19.822816959511076
2016-09-21 20:00:00,20.095873684210527
2016-09-22 20:00:00,20.342651043643265
2016-09-23 20:00:00,20.21928132780083
2016-09-26 20:00:00,19.84502953020134
2016-09-27 20:00:00,19.898254745166962
2016-09-28 20:00:00,20.00172927366104
2016-09-29 20:00:00,19.729504541768044
2016-09-30 20:00:00,20.13574432913269
2016-10-03 20:00:00,20.087222967309305
2016-10-04 20:00:00,20.13165987920621
2016-10-05 20:00:00,20.170055307262572
2016-10-06 20:00:00,20.07540662196144
2016-10-07 20:00:00,19.93951528363807
2016-10-10 20:00:00,20.101286176668914
2016-10-11 20:00:00,19.852043466172383
2016-10-12 20:00:00,19.607040177252582
2016-10-13 20:00:00,19.701132667245872
2016-10-14 20:00:00,19.8034258526603
2016-10-17 20:00:00,19.722364955752212
2016-10-18 20:00:00,19.8464349701859
2016-10-19 20:00:00,19.785420589266923
2016-10-20 20:00:00,19.88298442477876
2016-10-21 20:00:00,19.85046122241948
2016-10-24 20:00:00,19.932124615384616
2016-10-25 20:00:00,19.9284
2016-10-26 20:00:00,19.84582527015794
2016-10-27 20:00:00,19.8961
2016-10-28 20:00:00,19.89615739985608
2016-10-31 20:00:00,19.89111538172245
2016-11-01 20:00:00,19.764607672057164
2016-11-02 20:00:00,19.598578140703516
2016-11-03 20:00:00,19.46588488085456
2016-11-04 20:00:00,19.379026819338424
2016-11-07 20:00:00,19.686904881889767
2016-11-08 20:00:00,19.721694166666666
2016-11-09 20:00:00,19.794144525547445
2016-11-10 20:00:00,19.702279310344828
2016-11-11 20:00:00,19.678759424768245
2016-11-14 20:00:00,19.562358466453674
2016-11-15 20:00:00,19.4832933481153
2016-11-16 20:00:00,19.375430492285084
2016-11-17 20:00:00,19.36905150136488
2016-11-18 20:00:00,19.26139953511133
2016-11-21 20:00:00,19.30029880668258
2016-11-22 20:00:00,19.171019570405726
2016-11-23 20:00:00,19.16606976744186
2016-11-24 20:00:00,19.17946511627907
2016-11-25 20:00:00,19.17884858912595
2016-11-28 20:00:00,19.071950862068967
2016-11-29 20:00:00,19.25155918712955
2016-11-30 20:00:00,19.12077147016012
2016-12-01 20:00:00,19.037618779986293
2016-12-02 20:00:00,19.111803483968693
2016-12-05 20:00:00,19.606999484536082
2016-12-06 20:00:00,19.76008445595855
2016-12-07 20:00:00,20.257575880758807
2016-12-08 20:00:00,20.171368698817105
2016-12-09 20:00:00,20.178655399296833
2016-12-12 20:00:00,20.27276085106383
2016-12-13 20:00:00,20.34485
2016-12-14 20:00:00,20.0734
2016-12-15 20:00:00,20.18346842105263
2016-12-16 20:00:00,20.222233546640414
2016-12-19 20:00:00,20.188196592844974
2016-12-20 20:00:00,20.31042683127572
2016-12-21 20:00:00,20.321390810359233
2016-12-22 20:00:00,20.309460512024824
2016-12-23 20:00:00,20.335038589981448
2016-12-26 20:00:00,20.24927977736549
2016-12-27 20:00:00,20.355549468085105
2016-12-28 20:00:00,20.254613345864662
2016-12-29 20:00:00,20.423084398976982
2016-12-30 20:00:00,20.4862
2017-01-02 20:00:00,20.4862
2017-01-03 20:00:00,20.485041666666667
2017-01-04 20:00:00,20.627563414634146
2017-01-05 20:00:00,20.84595098814229
2017-01-06 20:00:00,20.770297506361324
2017-01-09 20:00:00,20.805511306532665
2017-01-10 20:00:00,20.723981355932203
2017-01-11 20:00:00,20.933703893637226
2017-01-12 20:00:00,20.875914666084682
2017-01-13 20:00:00,20.904974465299
2017-01-16 20:00:00,20.992153862941947
2017-01-17 20:00:00,21.006003460207612
2017-01-18 20:00:00,21.003343542695834
2017-01-19 20:00:00,21.021951242236025
2017-01-20 20:00:00,21.108603513703443
2017-01-23 20:00:00,21.097514469453376
2017-01-24 20:00:00,21.25152092050209
2017-01-25 20:00:00,21.574771826625387
2017-01-26 20:00:00,21.520061423220973
2017-01-27 20:00:00,21.441182079033474
2017-01-30 20:00:00,21.22162669039146
2017-01-31 20:00:00,21.289305882352938
2017-02-01 20:00:00,21.36255090909091
2017-02-02 20:00:00,21.402317663421417
2017-02-03 20:00:00,21.214262313432837
2017-02-06 20:00:00,20.98704914703493
2017-02-07 20:00:00,20.960217705735662
2017-02-08 20:00:00,20.9792582787652
2017-02-09 20:00:00,21.115419874312646
2017-02-10 20:00:00,21.114790742624617
2017-02-13 20:00:00,21.216333873343153
2017-02-14 20:00:00,21.174721675774133
2017-02-15 20:00:00,21.246923311748382
2017-02-16 20:00:00,21.288130381569474
2017-02-17 20:00:00,21.2126
2017-02-20 20:00:00,21.2126
2017-02-21 20:00:00,21.44127069457659
2017-02-22 20:00:00,21.4877906295754
2017-02-23 20:00:00,21.383714814814816
2017-02-24 20:00:00,21.22026451940147
2017-02-27 20:00:00,21.291368428890543
2017-02-28 20:00:00,21.359101840490798
2017-03-01 20:00:00,21.610320508866614
2017-03-02 20:00:00,21.49146709367494
2017-03-03 20:00:00,21.6342359375
2017-03-06 20:00:00,21.50481333333333
2017-03-07 20:00:00,21.452941916167664
2017-03-08 20:00:00,21.473005017006802
2017-03-09 20:00:00,21.569633168316834
2017-03-10 20:00:00,21.71397681748856
2017-03-13 20:00:00,21.691729186155285
2017-03-14 20:00:00,21.604078471575022
2017-03-15 20:00:00,21.89103903345725
2017-03-16 20:00:00,22.0451
2017-03-17 20:00:00,22.051082598158022
2017-03-20 20:00:00,21.989377142857144
2017-03-21 20:00:00,21.886495457771467
2017-03-22 20:00:00,21.85917565543071
2017-03-23 20:00:00,22.029846458923515
2017-03-24 20:00:00,22.073263412179166
2017-03-27 20:00:00,22.147704488778057
2017-03-28 20:00:00,22.328008396946565
2017-03-29 20:00:00,22.26245028462998
2017-03-30 20:00:00,22.171088277087033
2017-03-31 20:00:00,22.307314866581958
2017-04-03 20:00:00,22.17205080645161
2017-04-04 20:00:00,22.207528169014086
2017-04-05 20:00:00,22.03365142857143
2017-04-06 20:00:00,22.017578625954197
2017-04-07 20:00:00,21.919359429714856
2017-04-10 20:00:00,21.884690654205606
2017-04-11 20:00:00,21.87827361516035
2017-04-12 20:00:00,21.8492
2017-04-13 20:00:00,21.73365461580984
2017-04-14 20:00:00,21.77478231066888
2017-04-17 20:00:00,21.829782038834953
2017-04-18 20:00:00,21.836014593077643
2017-04-19 20:00:00,21.89542322681216
2017-04-20 20:00:00,21.897111940298508
2017-04-21 20:00:00,21.99154354200605
2017-04-24 20:00:00,22.924386750223814
2017-04-25 20:00:00,23.068147058823527
2017-04-26 20:00:00,22.97769457504521
2017-04-27 20:00:00,22.891890531030068
2017-04-28 20:00:00,22.933631225
2017-05-01 20:00:00,23.1096668138337
2017-05-02 20:00:00,23.147553846153848
2017-05-03 20:00:00,23.170541595441595
2017-05-04 20:00:00,23.427652685421993
2017-05-05 20:00:00,23.75391640331076
2017-05-08 20:00:00,23.463342150333016
2017-05-09 20:00:00,23.4186
2017-05-10 20:00:00,23.492711392405063
2017-05-11 20:00:00,23.37647969798658
2017-05-12 20:00:00,23.535815217391303
2017-05-15 20:00:00,23.77352857142857
2017-05-16 20:00:00,23.862451839178785
2017-05-17 20:00:00,23.549707231208373
2017-05-18 20:00:00,23.707873671689136
2017-05-19 20:00:00,23.885406739572737
2017-05-22 20:00:00,23.932553327085287
2017-05-23 20:00:00,23.88703039134055
2017-05-24 20:00:00,23.815144281524926
2017-05-25 20:00:00,23.820078404163052
2017-05-26 20:00:00,23.763095195861048
2017-05-29 20:00:00,23.814740428677016
2017-05-30 20:00:00,23.797929921259843
2017-05-31 20:00:00,23.952302467105262
2017-06-01 20:00:00,24.0636359375
2017-06-02 20:00:00,24.43450137369626
2017-06-05 20:00:00,24.215592205323194
2017-06-06 20:00:00,24.08863596574691
2017-06-07 20:00:00,24.09555896713615
2017-06-08 20:00:00,24.04274372623574
2017-06-09 20:00:00,24.1368993006993
2017-06-12 20:00:00,24.022205444646097
2017-06-13 20:00:00,24.311140236275193
2017-06-14 20:00:00,24.11815840867993
2017-06-15 20:00:00,23.846246017699112
2017-06-16 20:00:00,24.091982669962917
2017-06-19 20:00:00,24.256875691134415
2017-06-20 20:00:00,24.087785042333017
2017-06-21 20:00:00,24.1067
2017-06-22 20:00:00,24.07621176470588
2017-06-23 20:00:00,24.0283397002794
2017-06-26 20:00:00,24.169674669187145
2017-06-27 20:00:00,24.156514179104477
2017-06-28 20:00:00,24.33095988593156
2017-06-29 20:00:00,23.878081335616436
2017-06-30 20:00:00,23.841921272863942
2017-07-03 20:00:00,23.88451543624161
2017-07-04 20:00:00,23.92623355704698
2017-07-05 20:00:00,23.833560698299017
2017-07-06 20:00:00,23.7667
2017-07-07 20:00:00,23.9247
2017-07-10 20:00:00,23.947000959232614
2017-07-11 20:00:00,24.122196853146853
2017-07-12 20:00:00,24.37429893899204
2017-07-13 20:00:00,24.33703523316062
2017-07-14 20:00:00,24.445503802568624
2017-07-17 20:00:00,24.32580636042403
2017-07-18 20:00:00,24.21135377446412
2017-07-19 20:00:00,24.33804884547069
2017-07-20 20:00:00,24.346722429906542
2017-07-21 20:00:00,24.063790416141234
2017-07-24 20:00:00,24.028981762295082
2017-07-25 20:00:00,24.08800326460481
2017-07-26 20:00:00,24.19932786885246
2017-07-27 20:00:00,23.979915224913494
2017-07-28 20:00:00,24.141
2017-07-31 20:00:00,24.149040208877285
2017-08-01 20:00:00,24.43940052310375
2017-08-02 20:00:00,24.34063606557377
2017-08-03 20:00:00,24.280128925619834
2017-08-04 20:00:00,24.405953508329127
2017-08-07 20:00:00,24.286726487523993
2017-08-08 20:00:00,24.118901535508638
2017-08-09 20:00:00,24.05041404494382
2017-08-10 20:00:00,23.761879934747146
2017-08-11 20:00:00,23.918772295390404
2017-08-14 20:00:00,24.225734710743804
2017-08-15 20:00:00,24.15484711316397
2017-08-16 20:00:00,24.25440015661707
2017-08-17 20:00:00,24.10489529724933
2017-08-18 20:00:00,24.09263844393593
2017-08-21 20:00:00,24.077771926765475
2017-08-22 20:00:00,24.247332912533814
2017-08-23 20:00:00,24.3322
2017-08-24 20:00:00,24.31398292682927
2017-08-25 20:00:00,24.416211807757993
2017-08-28 20:00:00,24.4008125
2017-08-29 20:00:00,24.242683037974686
2017-08-30 20:00:00,23.977806779661016
2017-08-31 20:00:00,24.245684586466165
2017-09-01 20:00:00,24.350404464285713
2017-09-04 20:00:00,24.48219017857143
2017-09-05 20:00:00,24.378842573320718
2017-09-06 20:00:00,24.713146666666667
2017-09-07 20:00:00,24.987635545023696
2017-09-08 20:00:00,25.00522669914738
2017-09-11 20:00:00,24.959418897637796
2017-09-12 20:00:00,25.28282168367347
2017-09-13 20:00:00,25.186738586956523
2017-09-14 20:00:00,25.183090573770492
2017-09-15 20:00:00,25.249094837793038
2017-09-18 20:00:00,25.361151304347825
2017-09-19 20:00:00,25.459192
2017-09-20 20:00:00,25.318029869067104
2017-09-21 20:00:00,25.432539524838013
2017-09-22 20:00:00,25.443593710532962
2017-09-25 20:00:00,25.1804
2017-09-26 20:00:00,25.061824098671725
2017-09-27 20:00:00,25.189004782993802
2017-09-28 20:00:00,25.32517105263158
2017-09-29 20:00:00,25.548277272727272
2017-10-02 20:00:00,25.60134338028169
2017-10-03 20:00:00,25.680468101029
2017-10-04 20:00:00,25.693269826875515
2017-10-05 20:00:00,25.631423295454546
2017-10-06 20:00:00,25.658511987860397
2017-10-09 20:00:00,25.697831910946196
2017-10-10 20:00:00,25.801422457282342
2017-10-11 20:00:00,25.936993264248706
2017-10-12 20:00:00,25.9472875
2017-10-13 20:00:00,25.924159491740788
2017-10-16 20:00:00,25.849915384615382
2017-10-17 20:00:00,25.868908325449382
2017-10-18 20:00:00,25.98956647398844
2017-10-19 20:00:00,25.933770710571924
2017-10-20 20:00:00,25.854
2017-10-23 20:00:00,25.782144372093025
2017-10-24 20:00:00,25.757461654135337
2017-10-25 20:00:00,25.81259908759124
2017-10-26 20:00:00,25.96762048085485
2017-10-27 20:00:00,25.858624975222995
2017-10-30 20:00:00,25.992223076923075
2017-10-31 20:00:00,26.19179359095193
2017-11-01 20:00:00,26.414835356200527
2017-11-02 20:00:00,26.518035603996367
2017-11-03 20:00:00,26.42675459624175
2017-11-06 20:00:00,26.399786101398604
2017-11-07 20:00:00,26.187174976213132
2017-11-08 20:00:00,26.18760414746544
2017-11-09 20:00:00,25.94980932358318
2017-11-10 20:00:00,25.808180766432212
2017-11-13 20:00:00,25.78038863456985
2017-11-14 20:00:00,25.952016180620884
2017-11-15 20:00:00,25.794689981447124
2017-11-16 20:00:00,25.986590869939707
2017-11-17 20:00:00,25.90890691935894
2017-11-20 20:00:00,25.867984190832555
2017-11-21 20:00:00,26.130529032258064
2017-11-22 20:00:00,25.739990581929558
2017-11-23 20:00:00,25.854110030627872
2017-11-24 20:00:00,26.323137381588534
2017-11-27 20:00:00,26.13341573033708
2017-11-28 20:00:00,26.296296085740913
2017-11-29 20:00:00,26.18827906755471
2017-11-30 20:00:00,26.126502857142857
2017-12-01 20:00:00,25.987300152168398
2017-12-04 20:00:00,26.10899258649094
2017-12-05 20:00:00,25.91581825922422
2017-12-06 20:00:00,25.85211118359739
2017-12-07 20:00:00,26.09399132653061
2017-12-08 20:00:00,26.135772928176795
2017-12-11 20:00:00,26.0824
2017-12-12 20:00:00,26.039028334714168
2017-12-13 20:00:00,26.10958007279345
2017-12-14 20:00:00,25.958220396600566
2017-12-15 20:00:00,25.976263072227876
2017-12-18 20:00:00,26.462443697478992
2017-12-19 20:00:00,26.477982386363635
2017-12-20 20:00:00,26.328254285714284
2017-12-21 20:00:00,26.173079806918743
2017-12-22 20:00:00,26.1298780669145
2017-12-25 20:00:00,26.191707063197025
2017-12-26 20:00:00,26.11654700421941
2017-12-27 20:00:00,26.160218327402134
2017-12-28 20:00:00,26.179239325842698
2017-12-29 20:00:00,26.263109497206703
2018-01-01 20:00:00,26.142680446927375
2018-01-02 20:00:00,26.206418340611354
2018-01-03 20:00:00,26.489903846153844
2018-01-04 20:00:00,26.85336558139535
2018-01-05 20:00:00,27.103219530851607
2018-01-08 20:00:00,27.053403235014272
2018-01-09 20:00:00,26.93443846153846
2018-01-10 20:00:00,26.79529608574091
2018-01-11 20:00:00,26.92274810360777
2018-01-12 20:00:00,27.205785860465117
2018-01-15 20:00:00,27.43299776744186
2018-01-16 20:00:00,27.288190340909093
2018-01-17 20:00:00,27.286260953253898
2018-01-18 20:00:00,27.536289285714286
2018-01-19 20:00:00,27.81934145785877
2018-01-22 20:00:00,27.923452963311384
2018-01-23 20:00:00,28.13863809954751
2018-01-24 20:00:00,28.111382612781956
2018-01-25 20:00:00,27.945475000000002
2018-01-26 20:00:00,27.970557813683413
2018-01-29 20:00:00,27.745718553758326
2018-01-30 20:00:00,27.62481714285714
2018-01-31 20:00:00,27.50388285714286
2018-02-01 20:00:00,27.323071428571428
2018-02-02 20:00:00,26.73567786259542
2018-02-05 20:00:00,25.70388
2018-02-06 20:00:00,26.353
2018-02-07 20:00:00,26.009166331658292
2018-02-08 20:00:00,25.131239278937382
2018-02-09 20:00:00,25.322059477290026
2018-02-12 20:00:00,25.610243565300287
2018-02-13 20:00:00,25.5118723183391
2018-02-14 20:00:00,26.065005714285714
2018-02-15 20:00:00,26.162855976095617
2018-02-16 20:00:00,26.22542061395349
2018-02-19 20:00:00,26.03164349767442
2018-02-20 20:00:00,25.8623
2018-02-21 20:00:00,25.714603235014273
2018-02-22 20:00:00,25.888177205882354
2018-02-23 20:00:00,26.044069446550417
2018-02-26 20:00:00,26.057805817174515
2018-02-27 20:00:00,25.69672406417112
2018-02-28 20:00:00,25.377185714285712
2018-03-01 20:00:00,24.81971439114391
2018-03-02 20:00:00,25.012844147582697
2018-03-05 20:00:00,25.345811602209945
2018-03-06 20:00:00,25.411482681564245
2018-03-07 20:00:00,25.610693706830393
2018-03-08 20:00:00,25.623340169332078
2018-03-09 20:00:00,25.64597641075321
2018-03-12 20:00:00,25.789896863468634
2018-03-13 20:00:00,25.55968220338983
2018-03-14 20:00:00,25.512463925233643
2018-03-15 20:00:00,25.654522916666664
2018-03-16 20:00:00,25.61404044117647
2018-03-19 20:00:00,25.384337218045115
2018-03-20 20:00:00,25.451318531468534
2018-03-21 20:00:00,25.321431496062992
2018-03-22 20:00:00,24.966498123827392
2018-03-23 20:00:00,24.590222793182395
2018-03-26 20:00:00,25.039795627376424
2018-03-27 20:00:00,24.780157299270073
2018-03-28 20:00:00,24.980866666666667
2018-03-29 20:00:00,25.149015625
2018-03-30 20:00:00,25.153165625
2018-04-02 20:00:00,24.779969230769233
2018-04-03 20:00:00,24.828850328022494
2018-04-04 20:00:00,25.036247191011235
2018-04-05 20:00:00,25.302641791044778
2018-04-06 20:00:00,25.275007349990883
2018-04-09 20:00:00,25.720559055261717
2018-04-10 20:00:00,25.715740078431374
2018-04-11 20:00:00,25.575376439790574
2018-04-12 20:00:00,25.767496551724136
2018-04-13 20:00:00,25.822326558127703
2018-04-16 20:00:00,25.90395086916743
2018-04-17 20:00:00,26.19221689303905
2018-04-18 20:00:00,26.193763586459287
2018-04-19 20:00:00,25.998549546578733
2018-04-20 20:00:00,25.91316475368207
2018-04-23 20:00:00,25.87713253012048
2018-04-24 20:00:00,25.505560780834074
2018-04-25 20:00:00,25.420445989698308
2018-04-26 20:00:00,25.551128171530674
2018-04-27 20:00:00,25.72113996438565
2018-04-30 20:00:00,25.589279405034326
2018-05-01 20:00:00,25.463885811384877
2018-05-02 20:00:00,25.801026130653266
2018-05-03 20:00:00,25.749599633699635
2018-05-04 20:00:00,25.803424181360203
2018-05-07 20:00:00,25.86552857142857
2018-05-08 20:00:00,25.7043
2018-05-09 20:00:00,25.88999457652303
2018-05-10 20:00:00,26.084313597246126
2018-05-11 20:00:00,26.062550551654965
2018-05-14 20:00:00,25.972000947867297
2018-05-15 20:00:00,25.815523253903038
2018-05-16 20:00:00,25.84339391634981
2018-05-17 20:00:00,25.89823614088821
2018-05-18 20:00:00,25.812313298271977
2018-05-21 20:00:00,26.017626208178438
2018-05-22 20:00:00,25.9037057793345
2018-05-23 20:00:00,25.4825
2018-05-24 20:00:00,25.323173195876286
2018-05-25 20:00:00,25.271207522123895
2018-05-28 20:00:00,24.89368539823009
2018-05-29 20:00:00,24.613984600760457
2018-05-30 20:00:00,25.03681114711601
2018-05-31 20:00:00,24.775227586206896
2018-06-01 20:00:00,24.960753846153846
2018-06-04 20:00:00,25.151185318559556
2018-06-05 20:00:00,25.18464809160305
2018-06-06 20:00:00,25.426365551330797
2018-06-07 20:00:00,25.185475966386555
2018-06-08 20:00:00,25.28928053097345
2018-06-11 20:00:00,25.48228380338437
2018-06-12 20:00:00,25.431864122137405
2018-06-13 20:00:00,25.4288625
2018-06-14 20:00:00,25.513993595608415
2018-06-15 20:00:00,25.365725471929395
2018-06-18 20:00:00,24.89550821917808
2018-06-19 20:00:00,24.743119512195122
2018-06-20 20:00:00,24.68238829588015
2018-06-21 20:00:00,24.46059014084507
2018-06-22 20:00:00,24.67909371257485
2018-06-25 20:00:00,24.175421225194132
2018-06-26 20:00:00,24.113597670083877
2018-06-27 20:00:00,23.850887810945274
2018-06-28 20:00:00,23.873520517560074
2018-06-29 20:00:00,24.138757251908398
2018-07-02 20:00:00,24.108319718309858
2018-07-03 20:00:00,24.169500634091754
2018-07-04 20:00:00,24.361948228273032
2018-07-05 20:00:00,24.551129708431837
2018-07-06 20:00:00,24.604628705882355
2018-07-09 20:00:00,24.795940947288006
2018-07-10 20:00:00,24.807813129496402
2018-07-11 20:00:00,24.374978496669836
2018-07-12 20:00:00,24.51065355191257
2018-07-13 20:00:00,24.504710474860335
2018-07-16 20:00:00,24.733851972555748
2018-07-17 20:00:00,24.885617391304347
2018-07-18 20:00:00,24.891117142857144
2018-07-19 20:00:00,24.720654472984943
2018-07-20 20:00:00,24.708857360406093
2018-07-23 20:00:00,24.777875675675677
2018-07-24 20:00:00,24.83447027027027
2018-07-25 20:00:00,24.845024244771494
2018-07-26 20:00:00,25.111438181818183
2018-07-27 20:00:00,25.092683851704404
2018-07-30 20:00:00,26.665006015037594
2018-07-31 20:00:00,25.15162931188561
2018-08-01 20:00:00,24.79527900355872
2018-08-02 20:00:00,24.54387808219178
2018-08-03 20:00:00,24.557909149676778
2018-08-06 20:00:00,24.515758282208587
2018-08-07 20:00:00,24.6385
2018-08-08 20:00:00,24.540010000000002
2018-08-09 20:00:00,24.1668196
2018-08-10 20:00:00,23.72823207126949
2018-08-13 20:00:00,23.64525551020408
2018-08-14 20:00:00,23.68709855630414
2018-08-15 20:00:00,23.26420142721218
2018-08-16 20:00:00,23.421233235724742
2018-08-17 20:00:00,23.62011804511278
2018-08-20 20:00:00,23.85398064516129
2018-08-21 20:00:00,24.094508451757665
2018-08-22 20:00:00,24.145260668380462
2018-08-23 20:00:00,24.09004229918939
2018-08-24 20:00:00,24.232140995200808
2018-08-27 20:00:00,24.6010648
2018-08-28 20:00:00,24.66335710455764
2018-08-29 20:00:00,24.677264705882354
2018-08-30 20:00:00,24.456001923076922
2018-08-31 20:00:00,23.932102793296092
2018-09-03 20:00:00,23.7899530726257
2018-09-04 20:00:00,23.774288553113553
2018-09-05 20:00:00,23.588268576544316
2018-09-06 20:00:00,23.325803250641574
2018-09-07 20:00:00,23.217185267034992
2018-09-10 20:00:00,23.339319281663514
2018-09-11 20:00:00,23.5349
2018-09-12 20:00:00,23.55932918918919
2018-09-13 20:00:00,23.806934361610967
2018-09-14 20:00:00,23.715333834586467
2018-09-17 20:00:00,23.773765420560746
2018-09-18 20:00:00,23.961505166051662
2018-09-19 20:00:00,24.084744618055556
2018-09-20 20:00:00,24.502276576576577
2018-09-21 20:00:00,24.502726659312373
2018-09-24 20:00:00,24.46424864864865
2018-09-25 20:00:00,24.43780052750565
2018-09-26 20:00:00,24.422013257243197
2018-09-27 20:00:00,24.176446196660482
2018-09-28 20:00:00,23.98140490969219
2018-10-01 20:00:00,23.923433681462143
2018-10-02 20:00:00,23.897705714285713
2018-10-03 20:00:00,23.95936939501779
2018-10-04 20:00:00,23.647935922330095
2018-10-05 20:00:00,23.330849107142857
2018-10-08 20:00:00,22.96868479117415
2018-10-09 20:00:00,23.02989887556222
2018-10-10 20:00:00,22.64347897574124
2018-10-11 20:00:00,22.428966522491347
2018-10-12 20:00:00,22.314505601708998
2018-10-15 20:00:00,22.670490384615384
2018-10-16 20:00:00,22.90167570093458
2018-10-17 20:00:00,22.651839393939394
2018-10-18 20:00:00,22.20202213740458
2018-10-19 20:00:00,22.356662469615948
2018-10-22 20:00:00,22.079580558139536
2018-10-23 20:00:00,21.89513779863481
2018-10-24 20:00:00,21.267898300283285
2018-10-25 20:00:00,21.56732197309417
2018-10-26 20:00:00,21.566282600965202
2018-10-29 20:00:00,21.464525
2018-10-30 20:00:00,21.616462850644428
2018-10-31 20:00:00,21.75435142857143
2018-11-01 20:00:00,22.049961946902656
2018-11-02 20:00:00,22.323514583333335
2018-11-05 20:00:00,22.016863187855787
2018-11-06 20:00:00,22.177428205128205
2018-11-07 20:00:00,22.2816885928393
2018-11-08 20:00:00,22.03672523659306
2018-11-09 20:00:00,21.94488289473684
2018-11-12 20:00:00,21.48088883248731
2018-11-13 20:00:00,21.663948641542508
2018-11-14 20:00:00,21.74356028037383
2018-11-15 20:00:00,21.73191985940246
2018-11-16 20:00:00,21.773005169867062
2018-11-19 20:00:00,21.509046539379476
2018-11-20 20:00:00,21.338182527881038
2018-11-21 20:00:00,21.438293707543796
2018-11-22 20:00:00,21.332185734715768
2018-11-23 20:00:00,21.331115384615384
2018-11-26 20:00:00,21.58244543637575
2018-11-27 20:00:00,21.4492984244671
2018-11-28 20:00:00,21.731388119590875
2018-11-29 20:00:00,21.624890909090908
2018-11-30 20:00:00,21.520004422979156
2018-12-03 20:00:00,21.684010351692105
2018-12-04 20:00:00,21.165460240963856
2018-12-05 20:00:00,20.92702168674699
2018-12-06 20:00:00,20.959384713375798
2018-12-07 20:00:00,20.56215501382257
2018-12-10 20:00:00,20.536222789425704
2018-12-11 20:00:00,20.604374508261213
2018-12-12 20:00:00,20.906828971962618
2018-12-13 20:00:00,20.6919
2018-12-14 20:00:00,20.655663793103447
2018-12-17 20:00:00,20.26708
2018-12-18 20:00:00,20.688186206896553
2018-12-19 20:00:00,20.371925112107622
2018-12-20 20:00:00,20.292418726591762
2018-12-21 20:00:00,20.175482975498863
2018-12-24 20:00:00,19.806912709030097
2018-12-25 20:00:00,19.811621739130434
2018-12-26 20:00:00,19.91391736049601
2018-12-27 20:00:00,20.098324714828898
2018-12-28 20:00:00,20.193298473282443
2018-12-31 20:00:00,20.23780776699029
2019-01-01 20:00:00,20.190833009708737
2019-01-02 20:00:00,20.174013701236916
2019-01-03 20:00:00,19.994989603024575
2019-01-04 20:00:00,20.732544859101296
2019-01-07 20:00:00,20.728853853472884
2019-01-08 20:00:00,20.93671052631579
2019-01-09 20:00:00,21.175676498572788
2019-01-10 20:00:00,21.031664442567568
2019-01-11 20:00:00,20.893515940569124
2019-01-14 20:00:00,20.872119069767443
2019-01-15 20:00:00,20.938741379310343
2019-01-16 20:00:00,20.895706896551726
2019-01-17 20:00:00,21.10775
2019-01-18 20:00:00,21.39999823321555
2019-01-21 20:00:00,21.207578668402455
2019-01-22 20:00:00,21.187705042816365
2019-01-23 20:00:00,21.13130565693431
2019-01-24 20:00:00,21.277864829821716
2019-01-25 20:00:00,21.56638636363636
2019-01-28 20:00:00,21.559393749999998
2019-01-29 20:00:00,21.547671620612398
2019-01-30 20:00:00,21.43767505651846
2019-01-31 20:00:00,21.5144
2019-02-01 20:00:00,21.4498441426146
2019-02-04 20:00:00,21.535296165644173
2019-02-05 20:00:00,21.692111352566503
2019-02-06 20:00:00,21.41927208692394
2019-02-07 20:00:00,21.012542055185538
2019-02-08 20:00:00,20.853972080060807
2019-02-11 20:00:00,20.924637142857144
2019-02-12 20:00:00,21.2569492481203
2019-02-13 20:00:00,21.106081796116506
2019-02-14 20:00:00,21.159690639481
2019-02-15 20:00:00,21.424082815118226
2019-02-18 20:00:00,21.341318339229193
2019-02-19 20:00:00,21.622711475409837
2019-02-20 20:00:00,21.75475035971223
2019-02-21 20:00:00,21.69201309859155
2019-02-22 20:00:00,21.731988309859155
2019-02-25 20:00:00,21.851913943661973
2019-02-26 20:00:00,22.08444663551402
2019-02-27 20:00:00,21.97832037914692
2019-02-28 20:00:00,21.611671644612475
2019-03-01 20:00:00,22.163819261713204
2019-03-04 20:00:00,22.035949511978703
2019-03-05 20:00:00,22.05682949745084
2019-03-06 20:00:00,21.863879940564637
2019-03-07 20:00:00,21.617625282167044
2019-03-08 20:00:00,21.60645960567444
2019-03-11 20:00:00,21.770906123973113
2019-03-12 20:00:00,21.831355248169242
2019-03-13 20:00:00,21.998245833333335
2019-03-14 20:00:00,22.047323487544485
2019-03-15 20:00:00,22.210579921645444
2019-03-18 20:00:00,22.272991056137013
2019-03-19 20:00:00,22.345690625
2019-03-20 20:00:00,22.126918645418325
2019-03-21 20:00:00,21.903251785714286
2019-03-22 20:00:00,21.53321651909942
2019-03-25 20:00:00,21.467728982300883
2019-03-26 20:00:00,21.490773230088497
2019-03-27 20:00:00,21.583
2019-03-28 20:00:00,21.647902406417113
2019-03-29 20:00:00,21.77975114503817
2019-04-01 20:00:00,22.023530960854092
2019-04-02 20:00:00,22.242491627021884
2019-04-03 20:00:00,22.552439568345324
2019-04-04 20:00:00,22.567494285714286
2019-04-05 20:00:00,22.612188674866555
2019-04-08 20:00:00,22.56835567867036
2019-04-09 20:00:00,22.455504686258934
2019-04-10 20:00:00,22.53293379501385
2019-04-11 20:00:00,22.59690312204352
2019-04-12 20:00:00,22.798239366515837
2019-04-15 20:00:00,22.86815948275862
2019-04-16 20:00:00,23.00241487364621
2019-04-17 20:00:00,23.017560448358687
2019-04-18 20:00:00,23.12232190812721
2019-04-19 20:00:00,23.152182425144133
2019-04-22 20:00:00,23.08729295154185
2019-04-23 20:00:00,23.037188235294117
2019-04-24 20:00:00,23.011526589077885
2019-04-25 20:00:00,23.004129589041096
2019-04-26 20:00:00,23.11563956870612
2019-04-29 20:00:00,23.10925569395018
2019-04-30 20:00:00,23.2730275
2019-05-01 20:00:00,23.146763432835822
2019-05-02 20:00:00,23.11040243902439
2019-05-03 20:00:00,23.289378653113086
2019-05-06 20:00:00,22.99756564417178
2019-05-07 20:00:00,22.701635104364325
2019-05-08 20:00:00,22.79783231972198
2019-05-09 20:00:00,22.730271082390953
2019-05-10 20:00:00,22.784799146133203
2019-05-13 20:00:00,22.380136291739895
2019-05-14 20:00:00,22.596632379713913
2019-05-15 20:00:00,22.78510781122864
2019-05-16 20:00:00,22.919495404002966
2019-05-17 20:00:00,22.751521292775664
2019-05-20 20:00:00,22.54458195488722
2019-05-21 20:00:00,22.553721516164995
2019-05-22 20:00:00,22.349627870680045
2019-05-23 20:00:00,22.336611585971887
2019-05-24 20:00:00,22.356239585403948
2019-05-27 20:00:00,22.41512358370013
2019-05-28 20:00:00,22.303416995708155
2019-05-29 20:00:00,21.869362851782366
2019-05-30 20:00:00,22.04031314636284
2019-05-31 20:00:00,22.082941221374046
2019-06-03 20:00:00,22.19968449096099
2019-06-04 20:00:00,22.368921391304347
2019-06-05 20:00:00,22.445098325892857
2019-06-06 20:00:00,22.61702184557439
2019-06-07 20:00:00,22.752392777212613
2019-06-10 20:00:00,22.95506923076923
2019-06-11 20:00:00,23.007570714285713
2019-06-12 20:00:00,22.874046660730187
2019-06-13 20:00:00,22.670149055232557
2019-06-14 20:00:00,22.60210144220102
2019-06-17 20:00:00,22.738282926829267
2019-06-18 20:00:00,23.033842626913778
2019-06-19 20:00:00,23.200778545454543
2019-06-20 20:00:00,23.2801
2019-06-21 20:00:00,23.27609216222941
2019-06-24 20:00:00,23.263636324479542
2019-06-25 20:00:00,23.20913100775194
2019-06-26 20:00:00,23.28830666194189
2019-06-27 20:00:00,23.346753982300886
2019-06-28 20:00:00,23.498883847920386
2019-07-01 20:00:00,23.625155467511885
2019-07-02 20:00:00,23.725912598425197
2019-07-03 20:00:00,23.832887794833393
2019-07-04 20:00:00,23.73331160614002
2019-07-05 20:00:00,23.524046065259114
2019-07-08 20:00:00,23.459768661679135
2019-07-09 20:00:00,23.37718604651163
2019-07-10 20:00:00,23.30293762376238
2019-07-11 20:00:00,23.21762370967742
2019-07-12 20:00:00,23.188763461538464
2019-07-15 20:00:00,23.343109125475284
2019-07-16 20:00:00,23.31559323272813
2019-07-17 20:00:00,23.144395873614712
2019-07-18 20:00:00,22.973198514501295
2019-07-19 20:00:00,23.1023503560529
2019-07-22 20:00:00,23.120974003466205
2019-07-23 20:00:00,23.33538660714286
2019-07-24 20:00:00,23.3289404432133
2019-07-25 20:00:00,23.066151694915252
2019-07-26 20:00:00,22.99377938931298
2019-07-29 20:00:00,22.989245291479822
2019-07-30 20:00:00,22.72747868150685
2019-07-31 20:00:00,22.252225714285714
2019-08-01 20:00:00,22.421149766690597
2019-08-02 20:00:00,22.26022227207466
2019-08-05 20:00:00,21.723401178603808
2019-08-06 20:00:00,21.70430032546786
2019-08-07 20:00:00,21.935632474226804
2019-08-08 20:00:00,22.020369511184757
2019-08-09 20:00:00,22.109549813479234
2019-08-12 20:00:00,21.845863872082973
2019-08-13 20:00:00,21.869492183288408
2019-08-14 20:00:00,21.222128163653665
2019-08-15 20:00:00,21.20492481751825
2019-08-16 20:00:00,21.481020730850314
2019-08-19 20:00:00,21.736761387631976
2019-08-20 20:00:00,21.691951543624164
2019-08-21 20:00:00,21.904908003679854
2019-08-22 20:00:00,21.762838072289156
2019-08-23 20:00:00,21.682508617808548
2019-08-26 20:00:00,21.64363388429752
2019-08-27 20:00:00,21.682748840688106
2019-08-28 20:00:00,21.739260750853244
2019-08-29 20:00:00,21.912684782608697
2019-08-30 20:00:00,22.16912569832402
2019-09-02 20:00:00,21.935588268156426
2019-09-03 20:00:00,21.90486489361702
2019-09-04 20:00:00,22.230092920353982
2019-09-05 20:00:00,22.51456721220011
2019-09-06 20:00:00,22.515558099311882
2019-09-09 20:00:00,22.563366666666667
2019-09-10 20:00:00,22.64994049930652
2019-09-11 20:00:00,22.74947635135135
2019-09-12 20:00:00,22.992795167286243
2019-09-13 20:00:00,23.105593323216997
2019-09-16 20:00:00,22.894053785385122
2019-09-17 20:00:00,22.860737246963563
2019-09-18 20:00:00,22.933030289389066
2019-09-19 20:00:00,22.886621047810955
2019-09-20 20:00:00,22.802051712767906
2019-09-23 20:00:00,22.624929032258063
2019-09-24 20:00:00,22.554805102040817
2019-09-25 20:00:00,22.395743079584776
2019-09-26 20:00:00,22.581029644268774
2019-09-27 20:00:00,22.54429837480955
2019-09-30 20:00:00,22.53680731707317
2019-10-01 20:00:00,22.415595909732016
2019-10-02 20:00:00,21.84944728829686
2019-10-03 20:00:00,21.974205989110708
2019-10-04 20:00:00,21.951141956059534
2019-10-07 20:00:00,22.014265587044534
2019-10-08 20:00:00,22.021800230813618
2019-10-09 20:00:00,22.182182186616398
2019-10-10 20:00:00,22.574188590604027
2019-10-11 20:00:00,22.96399784892446
2019-10-14 20:00:00,23.06603307086614
2019-10-15 20:00:00,23.36076713286713
2019-10-16 20:00:00,23.447413407821227
2019-10-17 20:00:00,23.60483412462908
2019-10-18 20:00:00,23.628102518443146
2019-10-21 20:00:00,23.810790853658535
2019-10-22 20:00:00,23.63984822546973
2019-10-23 20:00:00,23.869665241635687
2019-10-24 20:00:00,23.890017682282494
2019-10-25 20:00:00,23.963640789010213
2019-10-28 20:00:00,23.97293693972179
2019-10-29 20:00:00,23.9764
2019-10-30 20:00:00,24.067186956521738
2019-10-31 20:00:00,24.127291304347825
2019-11-01 20:00:00,24.325641221374045
2019-11-04 20:00:00,24.382008522727272
2019-11-05 20:00:00,24.39837689768977
2019-11-06 20:00:00,24.518858560794044
2019-11-07 20:00:00,24.55292557544757
2019-11-08 20:00:00,24.4486442806304
2019-11-11 20:00:00,24.327022198731502
2019-11-12 20:00:00,24.403764849354374
2019-11-13 20:00:00,24.368211111111112
2019-11-14 20:00:00,24.3527812987013
2019-11-15 20:00:00,24.49484320866142
2019-11-18 20:00:00,24.435360746003553
2019-11-19 20:00:00,24.418612583271653
2019-11-20 20:00:00,24.262403394255873
2019-11-21 20:00:00,24.3135
2019-11-22 20:00:00,24.31986518572469
2019-11-25 20:00:00,24.347010871602624
2019-11-26 20:00:00,24.42793910806175
2019-11-27 20:00:00,24.45866793738223
2019-11-28 20:00:00,24.40128918683867
2019-11-29 20:00:00,24.343910436295115
2019-12-02 20:00:00,24.054063573883163
2019-12-03 20:00:00,24.202239773798304
2019-12-04 20:00:00,24.353306896551725
2019-12-05 20:00:00,24.327878817056394
2019-12-06 20:00:00,24.354060493513103
2019-12-09 20:00:00,24.24577997159091
2019-12-10 20:00:00,24.222255657062544
2019-12-11 20:00:00,24.41230423654016
2019-12-12 20:00:00,24.707114150943397
2019-12-13 20:00:00,24.835741221374043
2019-12-16 20:00:00,24.896143801652894
2019-12-17 20:00:00,24.821811367673178
2019-12-18 20:00:00,24.599984694754944
2019-12-19 20:00:00,24.526366666666664
2019-12-20 20:00:00,24.557275120423892
2019-12-23 20:00:00,24.572126339509264
2019-12-24 20:00:00,24.603817876815224
2019-12-25 20:00:00,24.63550941412118
2019-12-26 20:00:00,24.765745388788428
2019-12-27 20:00:00,24.745224446122858
2019-12-30 20:00:00,24.398182857142857
2019-12-31 20:00:00,24.707487614132592
2020-01-01 20:00:00,24.957644025406907
2020-01-02 20:00:00,24.889893070104755
2020-01-03 20:00:00,24.60538693837466
2020-01-06 20:00:00,24.590362283236995
2020-01-07 20:00:00,24.7233172002511
2020-01-08 20:00:00,24.875497025723472
2020-01-09 20:00:00,25.079934790697674
2020-01-10 20:00:00,25.051764985014987
2020-01-13 20:00:00,25.058366726780886
2020-01-14 20:00:00,24.964720817490495
2020-01-15 20:00:00,25.06733321299639
2020-01-16 20:00:00,25.003476632934685
2020-01-17 20:00:00,24.917688268156425
2020-01-20 20:00:00,25.030877094972066
2020-01-21 20:00:00,25.035525203252032
2020-01-22 20:00:00,24.890467441860462
2020-01-23 20:00:00,24.942929342934292
2020-01-24 20:00:00,24.825876392775374
2020-01-27 20:00:00,24.392661246612466
2020-01-28 20:00:00,24.490976083188908
2020-01-29 20:00:00,24.39451927034612
2020-01-30 20:00:00,24.290583214285714
2020-01-31 20:00:00,23.845186259541986
2020-02-03 20:00:00,24.12715585156993
2020-02-04 20:00:00,24.622581278538814
2020-02-05 20:00:00,24.83268271334792
2020-02-06 20:00:00,24.80806914600551
2020-02-07 20:00:00,24.53305308924485
2020-02-10 20:00:00,24.629618001885014
2020-02-11 20:00:00,24.894868021680217
2020-02-12 20:00:00,25.10324153529815
2020-02-13 20:00:00,25.02031701170117
2020-02-14 20:00:00,24.871999516908215
2020-02-17 20:00:00,24.74964202898551
2020-02-18 20:00:00,24.766011764705883
2020-02-19 20:00:00,24.865225655976676
2020-02-20 20:00:00,24.577701968205908
2020-02-21 20:00:00,24.400013428280772
2020-02-24 20:00:00,23.540434285714287
2020-02-25 20:00:00,23.05202010628875
2020-02-26 20:00:00,22.897245303867404
2020-02-27 20:00:00,22.03496857142857
2020-02-28 20:00:00,21.947
2020-03-02 20:00:00,22.380298097050428
2020-03-03 20:00:00,22.2357336492891
2020-03-04 20:00:00,22.46013947797716
2020-03-05 20:00:00,22.057826120033813
2020-03-06 20:00:00,21.62844669432201
2020-03-09 20:00:00,20.19945874524715
2020-03-10 20:00:00,20.28249256198347
2020-03-11 20:00:00,19.29809620123203
2020-03-12 20:00:00,17.521164788732396
2020-03-13 20:00:00,17.75767469680265
2020-03-16 20:00:00,16.346666666666668
2020-03-17 20:00:00,16.187269457659372
2020-03-18 20:00:00,15.189343614001892
2020-03-19 20:00:00,15.693755716878403
2020-03-20 20:00:00,15.615473455377575
2020-03-23 20:00:00,16.02193596574691
2020-03-24 20:00:00,17.40636682464455
2020-03-25 20:00:00,17.95543076923077
2020-03-26 20:00:00,18.536216441005802
2020-03-27 20:00:00,18.014690214917824
2020-03-30 20:00:00,18.20517027027027
2020-03-31 20:00:00,17.778904135338347
2020-04-01 20:00:00,17.418793910806176
2020-04-02 20:00:00,17.41030908230842
2020-04-03 20:00:00,17.195800203510558
2020-04-06 20:00:00,18.4724
2020-04-07 20:00:00,18.757162357414447
2020-04-08 20:00:00,18.971929483568076
2020-04-09 20:00:00,19.468724120603017
2020-04-10 20:00:00,19.547089279731996
2020-04-13 20:00:00,19.1129549950544
2020-04-14 20:00:00,19.622115789473682
2020-04-15 20:00:00,18.89518
2020-04-16 20:00:00,18.84838895027624
2020-04-17 20:00:00,19.48133379923761
2020-04-20 20:00:00,19.13953126684636
2020-04-21 20:00:00,18.78248102466793
2020-04-22 20:00:00,18.932153977272726
2020-04-23 20:00:00,18.86920071047957
2020-04-24 20:00:00,18.931170465530396
2020-04-27 20:00:00,19.521140888066604
2020-04-28 20:00:00,19.693123076923076
2020-04-29 20:00:00,20.149505714285713
2020-04-30 20:00:00,19.8968904985889
2020-05-01 20:00:00,19.50220441176471
2020-05-04 20:00:00,19.441257142857143
2020-05-05 20:00:00,19.43377887725975
2020-05-06 20:00:00,19.17015770676692
2020-05-07 20:00:00,19.4722147601476
2020-05-08 20:00:00,19.76878125
2020-05-11 20:00:00,19.60945343827672
2020-05-12 20:00:00,19.354610227272726
2020-05-13 20:00:00,18.877446124763708
2020-05-14 20:00:00,18.83294347826087
2020-05-15 20:00:00,18.89952786471479
2020-05-18 20:00:00,20.459880462724936
2020-05-19 20:00:00,20.19414719314938
2020-05-20 20:00:00,20.478560989533776
2020-05-21 20:00:00,20.289349169435216
2020-05-22 20:00:00,20.1991625
2020-05-25 20:00:00,20.601231071428572
2020-05-26 20:00:00,21.025592809839168
2020-05-27 20:00:00,21.632429831144464
2020-05-28 20:00:00,21.718203703703704
2020-05-29 20:00:00,21.640723076923077
2020-06-01 20:00:00,22.292784615384615
2020-06-02 20:00:00,22.770662039660056
2020-06-03 20:00:00,23.557615705128207
2020-06-04 20:00:00,23.682926704545455
2020-06-05 20:00:00,24.058589340101523
2020-06-08 20:00:00,24.21265838359469
2020-06-09 20:00:00,23.880878326996196
2020-06-10 20:00:00,23.591895774647885
2020-06-11 20:00:00,22.4177191246432
2020-06-12 20:00:00,22.476699542217702
2020-06-15 20:00:00,22.93055589353612
2020-06-16 20:00:00,23.26457027027027
2020-06-17 20:00:00,22.971754210028383
2020-06-18 20:00:00,23.195802803738317
2020-06-19 20:00:00,22.666585474860337
2020-06-22 20:00:00,23.128505617977527
2020-06-23 20:00:00,23.546544
2020-06-24 20:00:00,22.784958767772512
2020-06-25 20:00:00,23.188579999999998
2020-06-26 20:00:00,22.699623702950152
2020-06-29 20:00:00,22.965523296703296
2020-06-30 20:00:00,23.17732857142857
2020-07-01 20:00:00,23.21929790675547
2020-07-02 20:00:00,23.659582589285712
2020-07-03 20:00:00,23.788261160714285
2020-07-06 20:00:00,23.933627835051546
2020-07-07 20:00:00,23.609489099526066
2020-07-08 20:00:00,23.809683254043765
2020-07-09 20:00:00,23.713489518413596
2020-07-10 20:00:00,23.89743676286073
2020-07-13 20:00:00,23.852544296577946
2020-07-14 20:00:00,24.294377001703577
2020-07-15 20:00:00,24.497343985637343
2020-07-16 20:00:00,24.637590489913546
2020-07-17 20:00:00,24.76363809040122
2020-07-20 20:00:00,25.11001543498597
2020-07-21 20:00:00,25.247000950570342
2020-07-22 20:00:00,25.351052659574467
2020-07-23 20:00:00,25.148210536398466
2020-07-24 20:00:00,24.958674702456317
2020-07-27 20:00:00,25.15
2020-07-28 20:00:00,25.061498582230623
2020-07-29 20:00:00,25.04637746478873
2020-07-30 20:00:00,24.63588291347207
2020-07-31 20:00:00,24.1567279827016
2020-08-03 20:00:00,24.710063555194804
2020-08-04 20:00:00,24.796860321715815
2020-08-05 20:00:00,24.917534019695616
2020-08-06 20:00:00,25.00406940509915
2020-08-07 20:00:00,24.91955614122327
2020-08-10 20:00:00,25.036874125230202
2020-08-11 20:00:00,25.242979076343072
2020-08-12 20:00:00,25.733170577105014
2020-08-13 20:00:00,25.52056641929499
2020-08-14 20:00:00,25.330957251908398
2020-08-17 20:00:00,25.696419980970504
2020-08-18 20:00:00,25.756353731343285
2020-08-19 20:00:00,25.49579019607843
2020-08-20 20:00:00,25.36721613832853
2020-08-21 20:00:00,25.13570167374469
2020-08-24 20:00:00,25.803880984719864
2020-08-25 20:00:00,25.799626744186046
2020-08-26 20:00:00,26.121101707779886
2020-08-27 20:00:00,25.81009266055046
2020-08-28 20:00:00,25.912601911468812
2020-08-31 20:00:00,25.990877142857144
2020-09-01 20:00:00,25.790983908045977
2020-09-02 20:00:00,26.276229895104894
2020-09-03 20:00:00,25.70978697718631
2020-09-04 20:00:00,25.727681425406203
2020-09-07 20:00:00,25.450981277695718
2020-09-08 20:00:00,25.496276688867745
2020-09-09 20:00:00,26.23342346368715
2020-09-10 20:00:00,25.981832827832292
2020-09-11 20:00:00,26.11802018278751
2020-09-14 20:00:00,26.14195670789724
2020-09-15 20:00:00,25.829968571428573
2020-09-16 20:00:00,26.078770588235294
2020-09-17 20:00:00,26.1063560204953
2020-09-18 20:00:00,25.830125346784364
2020-09-21 20:00:00,24.7440664442326
2020-09-22 20:00:00,24.775387671232874
2020-09-23 20:00:00,24.44180359066427
2020-09-24 20:00:00,24.377268879310346
2020-09-25 20:00:00,24.366332587127957
2020-09-28 20:00:00,25.11213201471941
2020-09-29 20:00:00,24.996170116861435
2020-09-30 20:00:00,24.980453028972782
2020-10-01 20:00:00,24.836919321394912
2020-10-02 20:00:00,24.832545735660847
2020-10-05 20:00:00,25.308393285586394
2020-10-06 20:00:00,25.15300704355885
2020-10-07 20:00:00,25.491991958372754
2020-10-08 20:00:00,25.61540829015544
2020-10-09 20:00:00,25.738388123167155
2020-10-12 20:00:00,25.768995281306715
2020-10-13 20:00:00,25.424471228615865
2020-10-14 20:00:00,25.2611511627907
2020-10-15 20:00:00,25.02537556818182
2020-10-16 20:00:00,25.371670159857903
2020-10-19 20:00:00,24.961459404096832
2020-10-20 20:00:00,25.07322754491018
2020-10-21 20:00:00,24.842678840846364
2020-10-22 20:00:00,24.85043816155989
2020-10-23 20:00:00,25.067617557251907
2020-10-26 20:00:00,23.977740818268316
2020-10-27 20:00:00,23.57594837758112
2020-10-28 20:00:00,22.591981636536634
2020-10-29 20:00:00,22.735285714285713
2020-10-30 20:00:00,22.66552213740458
2020-11-02 20:00:00,22.999669161676646
2020-11-03 20:00:00,23.791277272727275
2020-11-04 20:00:00,24.166628979980935
2020-11-05 20:00:00,24.688628096425603
2020-11-06 20:00:00,24.833242661249365
2020-11-09 20:00:00,25.68553387715931
2020-11-10 20:00:00,25.881847169811323
2020-11-11 20:00:00,25.849973219116322
2020-11-12 20:00:00,25.592770104068116
2020-11-13 20:00:00,25.892989172971564
2020-11-16 20:00:00,25.905091010194624
2020-11-17 20:00:00,25.971102249134947
2020-11-18 20:00:00,25.955360518999072
2020-11-19 20:00:00,25.899929545454544
2020-11-20 20:00:00,25.83781236494598
2020-11-23 20:00:00,26.032252631578945
2020-11-24 20:00:00,26.456433272394882
2020-11-25 20:00:00,26.395315717092338
2020-11-26 20:00:00,26.501010019646365
2020-11-27 20:00:00,26.68845697028268
2020-11-30 20:00:00,26.660198416886544
2020-12-01 20:00:00,26.86649142857143
2020-12-02 20:00:00,26.904305631244323
2020-12-03 20:00:00,26.841790009000903
2020-12-04 20:00:00,26.936521780684103
2020-12-07 20:00:00,26.839589353612165
2020-12-08 20:00:00,26.82713287671233
2020-12-09 20:00:00,26.81397284060552
2020-12-10 20:00:00,26.917037654909436
2020-12-11 20:00:00,26.569521374045802
2020-12-14 20:00:00,26.903085714285716
2020-12-15 20:00:00,27.30259498580889
2020-12-16 20:00:00,27.681147727272727
2020-12-17 20:00:00,28.038696208530805
2020-12-18 20:00:00,27.763852858958067
2020-12-21 20:00:00,27.24324064901793
2020-12-22 20:00:00,27.27556875
2020-12-23 20:00:00,27.659362990654206
2020-12-24 20:00:00,27.52679443254818
2020-12-25 20:00:00,27.66622055674518
2020-12-28 20:00:00,28.23962
2020-12-29 20:00:00,28.058199619410086
2020-12-30 20:00:00,28.109397906755472
2020-12-31 20:00:00,27.77097930777819
2021-01-01 20:00:00,27.890112914030517
2021-01-04 20:00:00,27.972123437500002
2021-01-05 20:00:00,28.119535472972974
2021-01-06 20:00:00,28.531561631139944
2021-01-07 20:00:00,28.699449077490776
2021-01-08 20:00:00,28.683090909090907
2021-01-11 20:00:00,28.29716043956044
2021-01-12 20:00:00,28.511146311475407
2021-01-13 20:00:00,28.274308823529413
2021-01-14 20:00:00,28.284000780487805
2021-01-15 20:00:00,27.715614020771515
2021-01-18 20:00:00,28.088486424332345
2021-01-19 20:00:00,28.070894285714285
2021-01-20 20:00:00,28.336487415946205
2021-01-21 20:00:00,28.287360302457465
2021-01-22 20:00:00,28.150865413533836
2021-01-25 20:00:00,27.928977142857143
2021-01-26 20:00:00,27.980297431018077
2021-01-27 20:00:00,27.24129217221135
2021-01-28 20:00:00,27.595991627906976
2021-01-29 20:00:00,27.11898863636364
2021-02-01 20:00:00,27.570163981042654
2021-02-02 20:00:00,27.837996030245748
2021-02-03 20:00:00,27.99902857142857
2021-02-04 20:00:00,27.983417142857142
2021-02-05 20:00:00,28.17471875
2021-02-08 20:00:00,28.2550415879017
2021-02-09 20:00:00,28.263671428571428
2021-02-10 20:00:00,28.277773884758364
2021-02-11 20:00:00,28.29770626631854
2021-02-12 20:00:00,28.42439173553719
2021-02-15 20:00:00,28.488735537190085
2021-02-16 20:00:00,28.338348736462095
2021-02-17 20:00:00,28.039101843317972
2021-02-18 20:00:00,28.025287419651058
2021-02-19 20:00:00,28.191410979003287
2021-02-22 20:00:00,28.09879230769231
2021-02-23 20:00:00,28.14999090909091
2021-02-24 20:00:00,28.240986548808607
2021-02-25 20:00:00,27.951536413540715
2021-02-26 20:00:00,27.745061935971766
2021-03-01 20:00:00,28.21206941838649
2021-03-02 20:00:00,28.245265517241382
2021-03-03 20:00:00,28.23609457659372
2021-03-04 20:00:00,27.898567078972405
2021-03-05 20:00:00,27.766239774153075
2021-03-08 20:00:00,28.37992083729781
2021-03-09 20:00:00,28.67044728829686
2021-03-10 20:00:00,28.87538857142857
2021-03-11 20:00:00,29.042854237288136
2021-03-12 20:00:00,29.031455914525566
2021-03-15 20:00:00,28.725513559322035
2021-03-16 20:00:00,28.766905429864252
2021-03-17 20:00:00,29.210368802228412
2021-03-18 20:00:00,29.125992307692307
2021-03-19 20:00:00,29.033964361702125
2021-03-22 20:00:00,29.104128734538534
2021-03-23 20:00:00,28.820542971086738
2021-03-24 20:00:00,28.70741287128713
2021-03-25 20:00:00,28.752118637653737
2021-03-26 20:00:00,29.106137793486493
2021-03-29 20:00:00,29.115718628359595
2021-03-30 20:00:00,29.30533905380334
2021-03-31 20:00:00,29.382908474576272
2021-04-01 20:00:00,29.73084481605351
2021-04-02 20:00:00,29.75738662207358
2021-04-05 20:00:00,30.199489015151517
2021-04-06 20:00:00,30.047442911512846
2021-04-07 20:00:00,30.035597532894737
2021-04-08 20:00:00,30.079467793744715
2021-04-09 20:00:00,30.284675514511875
2021-04-12 20:00:00,30.192690359168243
2021-04-13 20:00:00,30.37378956999085
2021-04-14 20:00:00,30.349431506849317
2021-04-15 20:00:00,30.58066326530612
2021-04-16 20:00:00,30.82092347629797
2021-04-19 20:00:00,30.830796984924625
2021-04-20 20:00:00,30.29556096959737
2021-04-21 20:00:00,30.503268396663575
2021-04-22 20:00:00,30.46884567669173
2021-04-23 20:00:00,30.80474186164802
2021-04-26 20:00:00,30.766812488436635
2021-04-27 20:00:00,30.705226320201174
2021-04-28 20:00:00,30.85473288973384
2021-04-29 20:00:00,30.705473548387097
2021-04-30 20:00:00,30.300848743718593
2021-05-03 20:00:00,30.40487600716204
2021-05-04 20:00:00,29.822172797676668
2021-05-05 20:00:00,30.282267924528302
2021-05-06 20:00:00,30.603054295532647
2021-05-07 20:00:00,31.10064582278481
2021-05-10 20:00:00,30.840640896614822
2021-05-11 20:00:00,30.5823
2021-05-12 20:00:00,30.313261741424803
2021-05-13 20:00:00,30.72764106463878
2021-05-14 20:00:00,31.12925627376426
2021-05-17 20:00:00,31.558075221238937
2021-05-18 20:00:00,30.951405714285713
2021-05-19 20:00:00,30.748415384615384
2021-05-20 20:00:00,31.232756226415095
2021-05-21 20:00:00,31.3301
2021-05-24 20:00:00,31.60469318181818
2021-05-25 20:00:00,31.440951558073653
2021-05-26 20:00:00,31.346043317972352
2021-05-27 20:00:00,31.275159296947272
2021-05-28 20:00:00,31.458114835164835
2021-05-31 20:00:00,31.47947747252747
2021-06-01 20:00:00,31.669273430391264
2021-06-02 20:00:00,31.57010704225352
2021-06-03 20:00:00,31.553119431279622
2021-06-04 20:00:00,31.668816003043368
2021-06-07 20:00:00,31.8077
2021-06-08 20:00:00,31.695602602230483
2021-06-09 20:00:00,31.473356250000002
2021-06-10 20:00:00,31.566379120879123
2021-06-11 20:00:00,31.617829483282677
2021-06-14 20:00:00,31.595324227642276
2021-06-15 20:00:00,31.715523076923077
2021-06-16 20:00:00,31.26013992994746
2021-06-17 20:00:00,30.964280373831777
2021-06-18 20:00:00,30.470072330712654
2021-06-21 20:00:00,30.83666145251397
2021-06-22 20:00:00,30.94926472694718
2021-06-23 20:00:00,30.686395432921028
2021-06-24 20:00:00,30.91180632447296
2021-06-25 20:00:00,30.9337
2021-06-28 20:00:00,30.946225761772855
2021-06-29 20:00:00,30.93072857142857
2021-06-30 20:00:00,30.702715939278935
2021-07-01 20:00:00,30.768835787511648
2021-07-02 20:00:00,30.987978313253013
2021-07-05 20:00:00,30.712122891566263
2021-07-06 20:00:00,30.542555061494795
2021-07-07 20:00:00,30.571877491961413
2021-07-08 20:00:00,30.413640018399263
2021-07-09 20:00:00,30.94095572942958
2021-07-12 20:00:00,31.174620551855377
2021-07-13 20:00:00,30.883927118644067
2021-07-14 20:00:00,30.868566793529972
2021-07-15 20:00:00,30.688035585156992
2021-07-16 20:00:00,30.342537897928246
2021-07-19 20:00:00,29.605074285714284
2021-07-20 20:00:00,29.84713101807802
2021-07-21 20:00:00,30.253482954545454
2021-07-22 20:00:00,30.323425784966698
2021-07-23 20:00:00,30.597142663995992
2021-07-26 20:00:00,30.56483865784499
2021-07-27 20:00:00,30.394878016838167
2021-07-28 20:00:00,30.57244864864865
2021-07-29 20:00:00,30.757189204545455
2021-07-30 20:00:00,30.61393520447041
2021-08-02 20:00:00,30.512304914933836
2021-08-03 20:00:00,30.710042523364486
2021-08-04 20:00:00,30.785557046979864
2021-08-05 20:00:00,30.848140336134453
2021-08-06 20:00:00,30.68938268991283
2021-08-09 20:00:00,30.6513
2021-08-10 20:00:00,30.734789045936395
2021-08-11 20:00:00,30.84316064333018
2021-08-12 20:00:00,31.038798341013823
2021-08-13 20:00:00,31.194706564770737
2021-08-16 20:00:00,31.115135538752362
2021-08-17 20:00:00,30.85571937219731
2021-08-18 20:00:00,30.766738533834587
2021-08-19 20:00:00,30.525888566243193
2021-08-20 20:00:00,30.68945801354402
2021-08-23 20:00:00,30.92794
2021-08-24 20:00:00,30.962733647798743
2021-08-25 20:00:00,30.845781415929203
2021-08-26 20:00:00,30.759118481012656
2021-08-27 20:00:00,31.003136882129276
2021-08-30 20:00:00,31.003931666666666
2021-08-31 20:00:00,30.96175754716981
2021-09-01 20:00:00,31.069285714285712
2021-09-02 20:00:00,31.176260744985672
2021-09-03 20:00:00,31.463445189067762
2021-09-06 20:00:00,31.234101871958067
2021-09-07 20:00:00,31.04182565445026
2021-09-08 20:00:00,30.62730847457627
2021-09-09 20:00:00,30.564116231343284
2021-09-10 20:00:00,30.504673558547115
2021-09-13 20:00:00,30.8008
2021-09-14 20:00:00,30.7428
2021-09-15 20:00:00,30.67075292620865
2021-09-16 20:00:00,30.647753424657534
2021-09-17 20:00:00,30.135749393633148
2021-09-20 20:00:00,29.490162441752098
2021-09-21 20:00:00,29.911983439490445
2021-09-22 20:00:00,30.172039943342774
2021-09-23 20:00:00,30.405959793814432
2021-09-24 20:00:00,30.169107886034087
2021-09-27 20:00:00,30.139134285714285
2021-09-28 20:00:00,29.623615966386556
2021-09-29 20:00:00,29.491121590909092
2021-09-30 20:00:00,29.278682403027435
2021-10-01 20:00:00,29.348875387350773
2021-10-04 20:00:00,29.007214285714287
2021-10-05 20:00:00,29.054817142857143
2021-10-06 20:00:00,28.846451336898397
2021-10-07 20:00:00,29.17225873605948
2021-10-08 20:00:00,29.138803053435115
2021-10-11 20:00:00,29.011985737976783
2021-10-12 20:00:00,29.007018669131238
2021-10-13 20:00:00,34.93569533527697
2021-10-14 20:00:00,29.807337587412587
2021-10-15 20:00:00,29.9537873289407
2021-10-18 20:00:00,29.78158994413408
2021-10-19 20:00:00,29.8827
2021-10-20 20:00:00,29.9559
2021-10-21 20:00:00,29.886919777158774
2021-10-22 20:00:00,29.986822622368756
2021-10-25 20:00:00,30.138341360294117
2021-10-26 20:00:00,30.261230939226518
2021-10-27 20:00:00,30.20485309882747
2021-10-28 20:00:00,30.289235340572557
2021-10-29 20:00:00,30.08321752734673
2021-11-01 20:00:00,30.38830970149254
2021-11-02 20:00:00,30.5702009478673
2021-11-03 20:00:00,30.82623151969981
2021-11-04 20:00:00,30.685895327102802
2021-11-05 20:00:00,30.73735612840467
2021-11-08 20:00:00,30.80448152686145
2021-11-09 20:00:00,30.745617031398666
2021-11-10 20:00:00,30.43777031398668
2021-11-11 20:00:00,30.506700085324233
2021-11-12 20:00:00,30.481700190521554
2021-11-15 20:00:00,30.35395547098002
2021-11-16 20:00:00,30.45980308370044
2021-11-17 20:00:00,30.458392578496667
2021-11-18 20:00:00,30.493645989304813
2021-11-19 20:00:00,30.10651258741259
2021-11-22 20:00:00,29.841331874405327
2021-11-23 20:00:00,29.629518744053282
2021-11-24 20:00:00,29.421386746987952
2021-11-25 20:00:00,29.013907228915663
2021-11-26 20:00:00,28.544592341356676
2021-11-29 20:00:00,28.61858515699334
2021-11-30 20:00:00,28.45195142857143
2021-12-01 20:00:00,28.427764414843008
2021-12-02 20:00:00,28.672305655042415
2021-12-03 20:00:00,28.371463358778627
2021-12-06 20:00:00,28.85801094196004
2021-12-07 20:00:00,29.42372242647059
2021-12-08 20:00:00,29.430574881065652
2021-12-09 20:00:00,29.145796289248334
2021-12-10 20:00:00,29.31315614347494
2021-12-13 20:00:00,29.149605128205128
2021-12-14 20:00:00,28.907588571428573
2021-12-15 20:00:00,29.269884170616113
2021-12-16 20:00:00,28.75929173553719
2021-12-17 20:00:00,28.74282764765784
2021-12-20 20:00:00,28.65004586108468
2021-12-21 20:00:00,28.936960941828257
2021-12-22 20:00:00,29.35936121673004
2021-12-23 20:00:00,29.6174
2021-12-24 20:00:00,29.6174
2021-12-27 20:00:00,29.797562226451
2021-12-28 20:00:00,29.830837142857142
2021-12-29 20:00:00,29.8536396
2021-12-30 20:00:00,29.718165407725323
2021-12-31 20:00:00,29.902515499254843
2022-01-03 20:00:00,30.067597142857142
2022-01-04 20:00:00,30.24373243243243
2022-01-05 20:00:00,30.142057849666983
2022-01-06 20:00:00,29.93417358490566
2022-01-07 20:00:00,29.986177719429858
2022-01-10 20:00:00,29.796182563619226
2022-01-11 20:00:00,30.164775000000002
2022-01-12 20:00:00,30.376331428571426
2022-01-13 20:00:00,30.137325714285712
2022-01-14 20:00:00,30.102803910614526
2022-01-17 20:00:00,29.820274301675976
2022-01-18 20:00:00,29.62031893434824
2022-01-19 20:00:00,29.72194746716698
2022-01-20 20:00:00,29.459649666983825
2022-01-21 20:00:00,29.022106204943356
2022-01-24 20:00:00,28.536125784966696
2022-01-25 20:00:00,28.564548507462685
2022-01-26 20:00:00,28.600074576271187
2022-01-27 20:00:00,28.39714805194805
2022-01-28 20:00:00,28.49375954198473
2022-01-31 20:00:00,29.029556398104265
2022-02-01 20:00:00,29.19543557168784
2022-02-02 20:00:00,29.2259391905232
2022-02-03 20:00:00,28.870765714285714
2022-02-04 20:00:00,28.750462445749296
2022-02-07 20:00:00,28.7623
2022-02-08 20:00:00,29.006667931688803
2022-02-09 20:00:00,29.265370504281634
2022-02-10 20:00:00,29.099940146654447
2022-02-11 20:00:00,28.37973989361702
2022-02-14 20:00:00,28.326577358490567
2022-02-15 20:00:00,28.961370510396975
2022-02-16 20:00:00,29.065587452471483
2022-02-17 20:00:00,28.521089099526066
2022-02-18 20:00:00,28.218286903398244
2022-02-21 20:00:00,27.79783329515082
2022-02-22 20:00:00,27.540625714285714
2022-02-23 20:00:00,26.79803466407011
2022-02-24 20:00:00,26.75560909090909
2022-02-25 20:00:00,27.37289396946565
2022-02-28 20:00:00,26.489771995332557
2022-03-01 20:00:00,25.587984300666033
2022-03-02 20:00:00,25.704182226379793
2022-03-03 20:00:00,24.937623692307692
2022-03-04 20:00:00,23.781104819277108
2022-03-07 20:00:00,22.910092345436702
2022-03-08 20:00:00,24.074476701030928
2022-03-09 20:00:00,25.236205688622753
2022-03-10 20:00:00,24.67780975609756
2022-03-11 20:00:00,24.5466395064869
2022-03-14 20:00:00,25.05337917485265
2022-03-15 20:00:00,25.514200479386385
2022-03-16 20:00:00,25.775102702702704
2022-03-17 20:00:00,26.359042911512844
2022-03-18 20:00:00,26.426597430679216
2022-03-21 20:00:00,26.156544243577546
2022-03-22 20:00:00,26.304193027360988
2022-03-23 20:00:00,25.930786907020874
2022-03-24 20:00:00,26.1590013864818
2022-03-25 20:00:00,26.206833197659627
2022-03-28 20:00:00,26.575793066980022
2022-03-29 20:00:00,27.0966392578125
2022-03-30 20:00:00,26.86960429389313
2022-03-31 20:00:00,26.288654995242627
2022-04-01 20:00:00,26.413892414664982
2022-04-04 20:00:00,26.413406374881063
2022-04-05 20:00:00,25.913551094196002
2022-04-06 20:00:00,25.619323076923077
2022-04-07 20:00:00,25.519623939679548
2022-04-08 20:00:00,25.5669106870229
2022-04-11 20:00:00,25.409243286384978
2022-04-12 20:00:00,25.10245284780579
2022-04-13 20:00:00,25.413023345935727
2022-04-14 20:00:00,25.25421556875116
2022-04-15 20:00:00,25.244355483392095
2022-04-18 20:00:00,25.144659509202455
2022-04-19 20:00:00,25.439675355450238
2022-04-20 20:00:00,25.891692830188678
2022-04-21 20:00:00,25.606355517633673
2022-04-22 20:00:00,25.07652655126498
2022-04-25 20:00:00,24.99677251184834
2022-04-26 20:00:00,23.987945670789724
2022-04-27 20:00:00,24.072742816365366
2022-04-28 20:00:00,24.462964772727272
2022-04-29 20:00:00,24.25411679389313
2022-05-02 20:00:00,24.465490361445784
2022-05-03 20:00:00,24.346873295454547
2022-05-04 20:00:00,24.809095437616385
2022-05-05 20:00:00,24.072837488106565
2022-05-06 20:00:00,23.807360086491986
2022-05-09 20:00:00,23.707395326192795
2022-05-10 20:00:00,23.645868601332065
2022-05-11 20:00:00,23.611431504257332
2022-05-12 20:00:00,23.508742857142856
2022-05-13 20:00:00,24.09356465210767
2022-05-16 20:00:00,24.072305252918287
2022-05-17 20:00:00,24.09360518358531
2022-05-18 20:00:00,23.933953846153848
2022-05-19 20:00:00,24.466968330134357
2022-05-20 20:00:00,24.474185864008177
2022-05-23 20:00:00,24.69173808630394
2022-05-24 20:00:00,24.681152093023254
2022-05-25 20:00:00,24.86776924493554
2022-05-26 20:00:00,25.268023076923075
2022-05-27 20:00:00,25.56286312849162
2022-05-30 20:00:00,25.428999441340782
2022-05-31 20:00:00,25.85327944377267
2022-06-01 20:00:00,25.2487
2022-06-02 20:00:00,25.823838915318742
2022-06-03 20:00:00,25.551575972540046
2022-06-06 20:00:00,25.700212464319698
2022-06-07 20:00:00,25.711448288973383
2022-06-08 20:00:00,25.360245004757374
2022-06-09 20:00:00,24.58154382352941
2022-06-10 20:00:00,23.918573915446256
2022-06-13 20:00:00,23.159552941176468
2022-06-14 20:00:00,22.94323569405099
2022-06-15 20:00:00,23.22926923076923
2022-06-16 20:00:00,22.63524347826087
2022-06-17 20:00:00,22.7002530726257
2022-06-20 20:00:00,23.12420837988827
2022-06-21 20:00:00,22.893562857142857
2022-06-22 20:00:00,22.8488
2022-06-23 20:00:00,22.524175777568335
2022-06-24 20:00:00,23.029704350038156
2022-06-27 20:00:00,22.893002803738316
2022-06-28 20:00:00,22.720955555555555
2022-06-29 20:00:00,22.330412391930835
2022-06-30 20:00:00,22.12178049476689
2022-07-01 20:00:00,22.21406044600939
2022-07-04 20:00:00,21.779609741784036
2022-07-05 20:00:00,21.22879239543726
2022-07-06 20:00:00,21.332745074106366
2022-07-07 20:00:00,21.53943846153846
2022-07-08 20:00:00,21.67150985777342
2022-07-11 20:00:00,21.174297920604914
2022-07-12 20:00:00,21.155498287345388
2022-07-13 20:00:00,21.064330167597767
2022-07-14 20:00:00,20.92591971830986
2022-07-15 20:00:00,21.329503053435115
2022-07-18 20:00:00,21.6088
2022-07-19 20:00:00,22.348003711340205
2022-07-20 20:00:00,22.068550709555346
2022-07-21 20:00:00,22.313614126394054
2022-07-22 20:00:00,22.13948681541582
2022-07-25 20:00:00,22.140602857142856
2022-07-26 20:00:00,21.81731530054645
2022-07-27 20:00:00,22.249186300093196
2022-07-28 20:00:00,22.43086153846154
2022-07-29 20:00:00,22.865284539223154
2022-08-01 20:00:00,22.68246923076923
2022-08-02 20:00:00,22.531115526802218
2022-08-03 20:00:00,22.84876906077348
2022-08-04 20:00:00,22.973784685505926
2022-08-05 20:00:00,22.906282516422436
2022-08-08 20:00:00,22.816847540983606
2022-08-09 20:00:00,22.865724719101124
2022-08-10 20:00:00,23.226474058577406
2022-08-11 20:00:00,23.32582314189189
2022-08-12 20:00:00,23.491096109839816
2022-08-15 20:00:00,23.163579611650484
2022-08-16 20:00:00,23.24387132146204
2022-08-17 20:00:00,22.775726425269646
2022-08-18 20:00:00,22.71799217221135
2022-08-19 20:00:00,22.367576352813852
2022-08-22 20:00:00,21.61821723300971
2022-08-23 20:00:00,21.61148836565097
2022-08-24 20:00:00,21.64010769230769
2022-08-25 20:00:00,21.88876592178771
2022-08-26 20:00:00,21.176141945288755
2022-08-29 20:00:00,21.37105588235294
2022-08-30 20:00:00,21.299392007611797
2022-08-31 20:00:00,21.112739522998297
2022-09-01 20:00:00,21.087214285714285
2022-09-02 20:00:00,20.825932390171257
2022-09-05 20:00:00,21.031799851079672
2022-09-06 20:00:00,20.94443142857143
2022-09-07 20:00:00,21.364407692307694
2022-09-08 20:00:00,21.32944857142857
2022-09-09 20:00:00,21.79873043478261
2022-09-12 20:00:00,22.254124452901998
2022-09-13 20:00:00,21.481882938388626
2022-09-14 20:00:00,21.547580492251594
2022-09-15 20:00:00,21.38014857142857
2022-09-16 20:00:00,21.03861167048055
2022-09-19 20:00:00,21.163115384615384
2022-09-20 20:00:00,20.789576923076922
2022-09-21 20:00:00,20.465746153846155
2022-09-22 20:00:00,20.315031991525423
2022-09-23 20:00:00,19.660530960854093
2022-09-26 20:00:00,19.443226628895186
2022-09-27 20:00:00,19.100881588447653
2022-09-28 20:00:00,19.63750028275212
2022-09-29 20:00:00,19.554956572541382
2022-09-30 20:00:00,19.896244822256566
2022-10-03 20:00:00,19.95068857142857
2022-10-04 20:00:00,20.74576470028544
2022-10-05 20:00:00,20.456781255946716
2022-10-06 20:00:00,20.056070665417057
2022-10-07 20:00:00,19.659047621470364
2022-10-10 20:00:00,19.690906703910617
2022-10-11 20:00:00,19.41535327014218
2022-10-12 20:00:00,19.383374285714286
2022-10-13 20:00:00,20.12962936802974
2022-10-14 20:00:00,19.8130489982247
2022-10-17 20:00:00,20.7385
2022-10-18 20:00:00,20.777034285714286
2022-10-19 20:00:00,20.487807829181495
2022-10-20 20:00:00,20.39518484848485
2022-10-21 20:00:00,20.87069409448819
2022-10-24 20:00:00,21.077059886471144
2022-10-25 20:00:00,21.56683962264151
2022-10-26 20:00:00,21.79744972324723
2022-10-27 20:00:00,21.60562051282051
2022-10-28 20:00:00,21.905875578733145
2022-10-31 20:00:00,21.63197123935667
2022-11-01 20:00:00,21.772853846153847
2022-11-02 20:00:00,21.242190494296576
2022-11-03 20:00:00,21.24656285714286
2022-11-04 20:00:00,22.034254277062832
2022-11-07 20:00:00,22.342134531693475
2022-11-08 20:00:00,22.577859833795014
2022-11-09 20:00:00,22.58006327900288
2022-11-10 20:00:00,23.64654290998767
2022-11-11 20:00:00,24.39192320020351
2022-11-14 20:00:00,24.311937669902914
2022-11-15 20:00:00,24.320218406072108
2022-11-16 20:00:00,24.284656682027652
2022-11-17 20:00:00,24.55792857142857
2022-11-18 20:00:00,24.521914546839298
2022-11-21 20:00:00,24.29004781783681
2022-11-22 20:00:00,24.50235313092979
2022-11-23 20:00:00,24.749959566787002
2022-11-24 20:00:00,24.69520144404332
2022-11-25 20:00:00,24.868255026711996
2022-11-28 20:00:00,24.420324103035878
2022-11-29 20:00:00,23.967100181488203
2022-11-30 20:00:00,25.019615384615385
2022-12-01 20:00:00,25.017866162065896
2022-12-02 20:00:00,25.241166361556065
2022-12-05 20:00:00,24.856796740994856
2022-12-06 20:00:00,24.58394
2022-12-07 20:00:00,24.653994029850747
2022-12-08 20:00:00,24.762486516853933
2022-12-09 20:00:00,24.79228947368421
2022-12-12 20:00:00,24.92444453405018
2022-12-13 20:00:00,25.300453846153847
2022-12-14 20:00:00,25.16458309859155
2022-12-15 20:00:00,24.573778021978022
2022-12-16 20:00:00,24.203818022088353
2022-12-19 20:00:00,24.239220168067227
2022-12-20 20:00:00,24.40595966386555
2022-12-21 20:00:00,24.539702851711027
2022-12-22 20:00:00,24.33032857142857
2022-12-23 20:00:00,24.360388467207073
2022-12-26 20:00:00,24.448650810611642
2022-12-27 20:00:00,24.49732226450999
2022-12-28 20:00:00,24.345844943820225
2022-12-29 20:00:00,24.815839773798306
2022-12-30 20:00:00,24.416175279225616
2023-01-02 20:00:00,24.753122412509306
2023-01-03 20:00:00,24.607030283911673
2023-01-04 20:00:00,25.246638915318744
2023-01-05 20:00:00,25.055412396694212
2023-01-06 20:00:00,25.72446902339776
2023-01-09 20:00:00,26.05647142857143
2023-01-10 20:00:00,26.248714611005692
2023-01-11 20:00:00,26.60274189944134
2023-01-12 20:00:00,26.938234285714284
2023-01-13 20:00:00,27.008338839285713
2023-01-16 20:00:00,27.03887455357143
2023-01-17 20:00:00,27.03798813559322
2023-01-18 20:00:00,26.793618648905806
2023-01-19 20:00:00,26.70279035812672
2023-01-20 20:00:00,26.962973282442746
2023-01-23 20:00:00,26.99296
2023-01-24 20:00:00,26.980474285714283
2023-01-25 20:00:00,27.153177142857142
2023-01-26 20:00:00,27.16622857142857
2023-01-27 20:00:00,27.044019847328244
2023-01-30 20:00:00,26.897443196955283
2023-01-31 20:00:00,27.11878919382504
2023-02-01 20:00:00,27.518804980079683
2023-02-02 20:00:00,27.734885714285713
2023-02-03 20:00:00,27.390209279918864
2023-02-06 20:00:00,27.039015681233934
2023-02-07 20:00:00,27.24095863377609
2023-02-08 20:00:00,27.196186872998933
2023-02-09 20:00:00,27.17852394239424
2023-02-10 20:00:00,26.950711684370255
2023-02-13 20:00:00,27.228370979667282
2023-02-14 20:00:00,27.308576117982874
2023-02-15 20:00:00,27.3684
2023-02-16 20:00:00,27.206214285714285
2023-02-17 20:00:00,27.265864851207187
2023-02-20 20:00:00,27.30435109489051
2023-02-21 20:00:00,26.87167307326356
2023-02-22 20:00:00,26.898087852112674
2023-02-23 20:00:00,26.83226363636364
2023-02-24 20:00:00,26.496424015247776
2023-02-27 20:00:00,26.843341628122108
2023-02-28 20:00:00,26.897567612293145
2023-03-01 20:00:00,26.92147229029218
2023-03-02 20:00:00,26.918985214007783
2023-03-03 20:00:00,27.33573867549669
2023-03-06 20:00:00,27.35003643911439
2023-03-07 20:00:00,26.98306143958869
2023-03-08 20:00:00,27.114930769230767
2023-03-09 20:00:00,27.002745714285716
2023-03-10 20:00:00,26.682955312658873
2023-03-13 20:00:00,26.354374878286272
2023-03-14 20:00:00,26.656166346153846
2023-03-15 20:00:00,25.84451648079306
2023-03-16 20:00:00,26.154037288135594
2023-03-17 20:00:00,25.829558290946082
2023-03-20 20:00:00,26.48713597733711
2023-03-21 20:00:00,26.98673653663178
2023-03-22 20:00:00,27.06555355450237
2023-03-23 20:00:00,26.844020424671385
2023-03-24 20:00:00,26.603944594250827
2023-03-27 20:00:00,26.925895283018868
2023-03-28 20:00:00,27.036198133333333
2023-03-29 20:00:00,27.565025543992434
2023-03-30 20:00:00,27.849454285714287
2023-03-31 20:00:00,27.922697025460046
2023-04-03 20:00:00,27.99666412844037
2023-04-04 20:00:00,28.088528977272727
2023-04-05 20:00:00,27.8546967833491
2023-04-06 20:00:00,28.120836871508377
2023-04-07 20:00:00,28.06465810055866
2023-04-10 20:00:00,27.984469230769232
2023-04-11 20:00:00,28.17605384615385
2023-04-12 20:00:00,28.38380056925996
2023-04-13 20:00:00,28.654
2023-04-14 20:00:00,28.631128229908445
2023-04-17 20:00:00,28.395081308411218
2023-04-18 20:00:00,28.65520542340628
2023-04-19 20:00:00,28.57703436123348
2023-04-20 20:00:00,28.424600285442438
2023-04-21 20:00:00,28.67422194564389
2023-04-24 20:00:00,28.74282192513369
2023-04-25 20:00:00,28.060202955665027
2023-04-26 20:00:00,28.496097314234557
2023-04-27 20:00:00,28.666679017013234
2023-04-28 20:00:00,28.751877927927925
2023-05-01 20:00:00,28.772532270168856
2023-05-02 20:00:00,28.47610921658986
2023-05-03 20:00:00,28.529360531309297
2023-05-04 20:00:00,28.451233843212236
2023-05-05 20:00:00,28.949038962334747
2023-05-08 20:00:00,28.672783561643836
2023-05-09 20:00:00,28.65634819494585
2023-05-10 20:00:00,28.50411247739602
2023-05-11 20:00:00,28.2910125464684
2023-05-12 20:00:00,28.312405583756345
2023-05-15 20:00:00,28.39168779174147
2023-05-16 20:00:00,28.321705743243243
2023-05-17 20:00:00,28.40662752808989
2023-05-18 20:00:00,28.607679375591296
2023-05-19 20:00:00,28.79615013934634
2023-05-22 20:00:00,28.25209579349904
2023-05-23 20:00:00,28.304032673267326
2023-05-24 20:00:00,27.85134
2023-05-25 20:00:00,27.894671891891893
2023-05-26 20:00:00,28.010230167597765
2023-05-29 20:00:00,28.07917318435754
2023-05-30 20:00:00,27.9874
2023-05-31 20:00:00,28.12873647871116
2023-06-01 20:00:00,28.063885714285714
2023-06-02 20:00:00,28.082018663946965
2023-06-05 20:00:00,27.94373447098976
2023-06-06 20:00:00,28.048013135186963
2023-06-07 20:00:00,27.95859714285714
2023-06-08 20:00:00,28.433757425742574
2023-06-09 20:00:00,27.82378333768608
2023-06-12 20:00:00,28.47417714285714
2023-06-13 20:00:00,28.66457714285714
2023-06-14 20:00:00,28.751091428571428
2023-06-15 20:00:00,29.210137142857143
2023-06-16 20:00:00,29.2825
2023-06-19 20:00:00,29.2825
2023-06-20 20:00:00,28.853125714285714
2023-06-21 20:00:00,28.68142285714286
2023-06-22 20:00:00,29.15853778801843
2023-06-23 20:00:00,28.33340395778364
2023-06-26 20:00:00,28.267074285714287
2023-06-27 20:00:00,28.425988571428572
2023-06-28 20:00:00,28.559589870689656
2023-06-29 20:00:00,28.503888571428572
2023-06-30 20:00:00,28.861770349578975
2023-07-03 20:00:00,29.181846946564885
2023-07-04 20:00:00,28.748472900763357
2023-07-05 20:00:00,28.46638606307223
2023-07-06 20:00:00,27.777048592283627
2023-07-07 20:00:00,28.120278373382625
2023-07-10 20:00:00,28.39738024971623
2023-07-11 20:00:00,28.600852023121387
2023-07-12 20:00:00,29.4977
2023-07-13 20:00:00,29.642368571428573
2023-07-14 20:00:00,29.499076335877863
2023-07-17 20:00:00,29.6242
2023-07-18 20:00:00,29.618420991253647
2023-07-19 20:00:00,29.512742857142857
2023-07-20 20:00:00,29.87845562273277
2023-07-21 20:00:00,29.345159541984735
2023-07-24 20:00:00,29.160834285714287
2023-07-25 20:00:00,29.21621142857143
2023-07-26 20:00:00,29.493387462981243
2023-07-27 20:00:00,29.2056
2023-07-28 20:00:00,29.68329815005139
2023-07-31 20:00:00,29.568707335907337
2023-08-01 20:00:00,29.129134285714287
2023-08-02 20:00:00,28.5242
2023-08-03 20:00:00,28.449162926829267
2023-08-04 20:00:00,28.409490076335878
2023-08-07 20:00:00,29.8623579793341
2023-08-08 20:00:00,28.389985714285714
2023-08-09 20:00:00,27.650155044074438
2023-08-10 20:00:00,28.50052857142857
2023-08-11 20:00:00,28.295542748091602
2023-08-14 20:00:00,28.338054285714286
2023-08-15 20:00:00,27.70008905775076
2023-08-16 20:00:00,27.891208454810496
2023-08-17 20:00:00,27.65448360814743
2023-08-18 20:00:00,27.647216030534352
2023-08-21 20:00:00,29.191996377952755
2023-08-22 20:00:00,27.626435135135136
2023-08-23 20:00:00,28.11293031973539
2023-08-24 20:00:00,27.53226857142857
2023-08-25 20:00:00,27.68671450381679
2023-08-28 20:00:00,27.866291489361704
2023-08-29 20:00:00,28.38255714285714
2023-08-30 20:00:00,28.385659999999998
2023-08-31 20:00:00,28.43672348401323
2023-09-01 20:00:00,27.954713407821227
2023-09-04 20:00:00,27.86855474860335
2023-09-05 20:00:00,27.5506
2023-09-06 20:00:00,27.572602857142858
2023-09-07 20:00:00,27.484717142857143
2023-09-08 20:00:00,27.46756564885496
2023-09-11 20:00:00,27.67329142857143
2023-09-12 20:00:00,27.47056
2023-09-13 20:00:00,27.375945714285713
2023-09-14 20:00:00,27.57953714285714
2023-09-15 20:00:00,27.5772679389313
2023-09-18 20:00:00,27.43771142857143
2023-09-19 20:00:00,27.37269142857143
2023-09-20 20:00:00,27.4167110301769
2023-09-21 20:00:00,27.01439142857143
2023-09-22 20:00:00,26.974577777777778
2023-09-25 20:00:00,26.90114219653179
2023-09-26 20:00:00,26.26419142857143
2023-09-27 20:00:00,26.228199999999998
2023-09-28 20:00:00,25.556473684210527
2023-09-29 20:00:00,26.451976335877863
2023-10-02 20:00:00,26.0904
2023-10-03 20:00:00,26.032987631831254
2023-10-04 20:00:00,26.0417
2023-10-05 20:00:00,26.041154285714285
2023-10-06 20:00:00,26.39411549569564
2023-10-09 20:00:00,25.510461875637105
2023-10-10 20:00:00,26.743506806282724
2023-10-11 20:00:00,26.801126881720432
2023-10-12 20:00:00,26.3962689860835
2023-10-13 20:00:00,26.059495309711956
2023-10-16 20:00:00,27.150606787330318
2023-10-17 20:00:00,26.312085714285715
2023-10-18 20:00:00,25.899871428571426
2023-10-19 20:00:00,25.893122857142856
2023-10-20 20:00:00,25.567764335664336
2023-10-23 20:00:00,25.73849142857143
2023-10-24 20:00:00,25.776930167597765
2023-10-25 20:00:00,25.330804137931032
2023-10-26 20:00:00,25.414502857142857
2023-10-27 20:00:00,25.26242290076336
2023-10-30 20:00:00,25.64784285714286
2023-10-31 20:00:00,25.889465217391304
2023-11-01 20:00:00,26.098152
2023-11-02 20:00:00,26.363258033106135
2023-11-03 20:00:00,26.650242748091603
2023-11-06 20:00:00,26.630841255605382
2023-11-07 20:00:00,26.477530895091434
2023-11-08 20:00:00,26.677201714898178
2023-11-09 20:00:00,26.568808571428573
2023-11-10 20:00:00,26.692116793893128
2023-11-13 20:00:00,27.280531740614336
2023-11-14 20:00:00,27.788892211838007
2023-11-15 20:00:00,27.88052857142857
2023-11-16 20:00:00,28.072202857142855
2023-11-17 20:00:00,28.366024427480916
2023-11-20 20:00:00,28.470234285714287
2023-11-21 20:00:00,28.376337735849056
2023-11-22 20:00:00,28.37746626506024
2023-11-23 20:00:00,28.490063855421685
2023-11-24 20:00:00,28.68049489051095
2023-11-27 20:00:00,28.565317142857143
2023-11-28 20:00:00,28.803640024183796
2023-11-29 20:00:00,27.708840021119325
2023-11-30 20:00:00,28.836248571428573
2023-12-01 20:00:00,29.136130158730158
2023-12-04 20:00:00,29.039291428571428
2023-12-05 20:00:00,29.153065714285713
2023-12-06 20:00:00,29.203254587581092
2023-12-07 20:00:00,29.42742524698134
2023-12-08 20:00:00,29.448504228984014
2023-12-11 20:00:00,29.600353018867924
2023-12-12 20:00:00,29.427187375415283
2023-12-13 20:00:00,29.367623186925435
2023-12-14 20:00:00,29.770880000000002
2023-12-15 20:00:00,29.728924427480916
2023-12-18 20:00:00,29.723748571428573
2023-12-19 20:00:00,30.010691428571427
2023-12-20 20:00:00,29.706894285714288
2023-12-21 20:00:00,29.26955
2023-12-22 20:00:00,29.226067415730338
2023-12-25 20:00:00,29.866786516853935
2023-12-26 20:00:00,30.2192
2023-12-27 20:00:00,30.950223076923077
2023-12-28 20:00:00,30.168511825922423
2023-12-29 20:00:00,30.0939
2024-01-01 20:00:00,30.0939
2024-01-02 20:00:00,30.103374704491724
2024-01-03 20:00:00,29.430491168091166
2024-01-04 20:00:00,29.631673770491805
2024-01-05 20:00:00,29.628024427480916
2024-01-08 20:00:00,29.942752706552707
2024-01-09 20:00:00,29.71558897338403
2024-01-10 20:00:00,29.853098284734134
2024-01-11 20:00:00,29.957998982706002
2024-01-12 20:00:00,29.844744134078212
2024-01-15 20:00:00,29.404538547486034
2024-01-16 20:00:00,29.265077142857145
2024-01-17 20:00:00,29.18803142857143
2024-01-18 20:00:00,30.394816399506784
2024-01-19 20:00:00,29.587689312977098
2024-01-22 20:00:00,29.571605886909374
2024-01-23 20:00:00,29.68275714285714
2024-01-24 20:00:00,29.890656603773586
2024-01-25 20:00:00,30.47906104368932
2024-01-26 20:00:00,29.98050381679389
2024-01-29 20:00:00,29.607238745387452
2024-01-30 20:00:00,29.962220000000002
2024-01-31 20:00:00,29.637362857142858
2024-02-01 20:00:00,29.928071428571428
2024-02-02 20:00:00,29.819364122137404
2024-02-05 20:00:00,29.664509383624655
2024-02-06 20:00:00,29.82718285714286
2024-02-07 20:00:00,30.44554278074866
2024-02-08 20:00:00,29.837845714285717
2024-02-09 20:00:00,29.753190839694657
2024-02-12 20:00:00,29.745692606284656
2024-02-13 20:00:00,29.436788571428572
2024-02-14 20:00:00,29.69974857142857
2024-02-15 20:00:00,29.995414285714286
2024-02-16 20:00:00,29.9724908045977
2024-02-19 20:00:00,29.28112528735632
2024-02-20 20:00:00,30.417449
2024-02-21 20:00:00,29.944327868852458
2024-02-22 20:00:00,30.819664935064935
2024-02-23 20:00:00,30.779609160305345
2024-02-26 20:00:00,30.809338575667653
2024-02-27 20:00:00,31.083879999999997
2024-02-28 20:00:00,31.33191985216473
2024-02-29 20:00:00,31.656293230174082
2024-03-01 20:00:00,31.4814
2024-03-04 20:00:00,31.373037142857143
2024-03-05 20:00:00,31.462660344827587
2024-03-06 20:00:00,31.79151737704918
2024-03-07 20:00:00,31.94859069767442
2024-03-08 20:00:00,31.742213740458016
2024-03-11 20:00:00,32.243525
2024-03-12 20:00:00,32.114514285714286
2024-03-13 20:00:00,32.529275000000005
2024-03-14 20:00:00,31.78326252390057
2024-03-15 20:00:00,31.95138368073208
2024-03-18 20:00:00,31.837902103049423
2024-03-19 20:00:00,31.89207145557656
2024-03-20 20:00:00,32.38458421052631
2024-03-21 20:00:00,32.19558343949045
2024-03-22 20:00:00,32.1671625
2024-03-25 20:00:00,32.448911494252876
2024-03-26 20:00:00,32.705098798798794
2024-03-27 20:00:00,32.04286789536266
2024-03-28 20:00:00,32.63631602373887
2024-03-29 20:00:00,32.63281216617211
2024-04-01 20:00:00,32.21468752598753
2024-04-02 20:00:00,32.12241641791044
2024-04-03 20:00:00,32.94289141531323
2024-04-04 20:00:00,31.05333310875842
2024-04-05 20:00:00,32.13141908396947
2024-04-08 20:00:00,33.18716305418719
2024-04-09 20:00:00,32.00994418604651
2024-04-10 20:00:00,32.35245011876484
2024-04-11 20:00:00,31.447839468690702
2024-04-12 20:00:00,30.902120702702703
2024-04-15 20:00:00,30.931942857142857
2024-04-16 20:00:00,30.783367605633803
2024-04-17 20:00:00,30.967465714285716
2024-04-18 20:00:00,30.78546
2024-04-19 20:00:00,30.80211074168798
2024-04-22 20:00:00,31.18544
2024-04-23 20:00:00,31.359275
2024-04-24 20:00:00,31.438634285714286
2024-04-25 20:00:00,31.506936970837256
2024-04-26 20:00:00,32.73022653793103
2024-04-29 20:00:00,32.21384948024948
2024-04-30 20:00:00,31.249432934131736
2024-05-01 20:00:00,31.260244948453607
2024-05-02 20:00:00,31.390943263757116
2024-05-03 20:00:00,31.675115265200517
2024-05-06 20:00:00,32.049797142857145
2024-05-07 20:00:00,32.82454425427873
2024-05-08 20:00:00,31.167249268292682
2024-05-09 20:00:00,32.8004
2024-05-10 20:00:00,32.947
2024-05-13 20:00:00,32.8135256381798
2024-05-14 20:00:00,33.06608285714285
2024-05-15 20:00:00,33.66968676293622
2024-05-16 20:00:00,33.084337142857144
2024-05-17 20:00:00,32.36560913705584
2024-05-20 20:00:00,33.0936
2024-05-21 20:00:00,33.08544857142857
2024-05-22 20:00:00,32.90943428571428
2024-05-23 20:00:00,32.72727142857143
2024-05-24 20:00:00,32.935356983240226
2024-05-27 20:00:00,33.07678268156425
2024-05-28 20:00:00,32.73295408805031
2024-05-29 20:00:00,32.48103714285714
2024-05-30 20:00:00,32.49157140115163
2024-05-31 20:00:00,32.767024148606815
2024-06-03 20:00:00,32.87615763239875
2024-06-04 20:00:00,32.927729718456725
2024-06-05 20:00:00,32.8713
2024-06-06 20:00:00,32.9275
2024-06-07 20:00:00,31.827660443968977
2024-06-10 20:00:00,32.171260968660974
2024-06-11 20:00:00,32.154626283987916
2024-06-12 20:00:00,32.5464
2024-06-13 20:00:00,31.9015
2024-06-14 20:00:00,31.333871755725188
2024-06-17 20:00:00,31.57823714285714
2024-06-18 20:00:00,31.6182
2024-06-19 20:00:00,31.6182
2024-06-20 20:00:00,31.6768
2024-06-21 20:00:00,31.6053267412303
2024-06-24 20:00:00,31.684102180685358
2024-06-25 20:00:00,31.5498
2024-06-26 20:00:00,31.542797142857143
2024-06-27 20:00:00,31.65072165242165
2024-06-28 20:00:00,31.689045038167936
2024-07-01 20:00:00,32.55228058690745
2024-07-02 20:00:00,31.659641557128413
2024-07-03 20:00:00,32.13230873786408
2024-07-04 20:00:00,31.719881553398057
2024-07-05 20:00:00,32.253392224565104
2024-07-08 20:00:00,32.238638979788256
2024-07-09 20:00:00,31.9634
2024-07-10 20:00:00,32.52848
2024-07-11 20:00:00,32.668682857142855
2024-07-12 20:00:00,33.10755114155251
2024-07-15 20:00:00,32.677437869822484
2024-07-16 20:00:00,33.22683124387855
2024-07-17 20:00:00,32.67795076096688
2024-07-18 20:00:00,32.37761196172249
2024-07-19 20:00:00,32.07182290076336
2024-07-22 20:00:00,34.06279892241379
2024-07-23 20:00:00,32.08321915322581
2024-07-24 20:00:00,32.17285
2024-07-25 20:00:00,32.156235714285714
2024-07-26 20:00:00,32.45371050262566
2024-07-29 20:00:00,32.233225714285716
2024-07-30 20:00:00,32.33519783018868
2024-07-31 20:00:00,32.45705950155764
2024-08-01 20:00:00,31.4847
2024-08-02 20:00:00,31.36310438645197
2024-08-05 20:00:00,30.48050755287009
2024-08-06 20:00:00,30.898580000000003
2024-08-07 20:00:00,30.970523875432526
2024-08-08 20:00:00,31.365
2024-08-09 20:00:00,31.357536641221373
2024-08-12 20:00:00,31.41319980970504
2024-08-13 20:00:00,31.855882857142856
2024-08-14 20:00:00,31.956560000000003
2024-08-15 20:00:00,32.37491142857143
2024-08-16 20:00:00,32.73335269382392
2024-08-19 20:00:00,33.527243143812704
2024-08-20 20:00:00,33.0505
2024-08-21 20:00:00,33.3819
2024-08-22 20:00:00,33.28014857142857
2024-08-23 20:00:00,34.146893486894356
2024-08-26 20:00:00,33.69756120768527
2024-08-27 20:00:00,33.89387975460123
2024-08-28 20:00:00,33.85469142857143
2024-08-29 20:00:00,33.8782
2024-08-30 20:00:00,33.83473798882681
2024-09-02 20:00:00,33.770621787709494
2024-09-03 20:00:00,33.33909714285714
2024-09-04 20:00:00,33.78624327731092
2024-09-05 20:00:00,33.42136285714286
2024-09-06 20:00:00,32.78381526717558
2024-09-09 20:00:00,33.04396060606061
2024-09-10 20:00:00,32.67908285714285
2024-09-11 20:00:00,33.04308823529412
2024-09-12 20:00:00,33.3811597733711
2024-09-13 20:00:00,31.916410052219323
2024-09-16 20:00:00,33.75373110047847
2024-09-17 20:00:00,34.28842366863905
2024-09-18 20:00:00,33.71931308641975
2024-09-19 20:00:00,35.72296914153132
2024-09-20 20:00:00,33.885458015267176
2024-09-23 20:00:00,34.0880348555452
2024-09-24 20:00:00,34.39214259055982
2024-09-25 20:00:00,34.11919710982659
2024-09-26 20:00:00,35.012997142857145
2024-09-27 20:00:00,35.027536641221374
2024-09-30 20:00:00,35.423453167185876
2024-10-01 20:00:00,35.632719487179486
2024-10-02 20:00:00,34.225457142857145
2024-10-03 20:00:00,34.73762201365187
2024-10-04 20:00:00,34.1911873015873
2024-10-07 20:00:00,34.784709170305675
2024-10-08 20:00:00,33.940476
2024-10-09 20:00:00,34.2073
2024-10-10 20:00:00,34.01531221374046
2024-10-11 20:00:00,34.40074760408484
2024-10-14 20:00:00,34.578825
2024-10-15 20:00:00,34.33378902554399
2024-10-16 20:00:00,34.2073
2024-10-17 20:00:00,34.333814814814815
2024-10-18 20:00:00,34.583512213740455
2024-10-21 20:00:00,34.322075
2024-10-22 20:00:00,35.52243418530352
2024-10-23 20:00:00,33.926252968897266
2024-10-24 20:00:00,34.08116901408451
2024-10-25 20:00:00,33.883647886241356
2024-10-28 20:00:00,34.1874
2024-10-29 20:00:00,34.04177428571429
2024-10-30 20:00:00,33.84018571428572
2024-10-31 20:00:00,33.69447714285714
2024-11-01 20:00:00,33.72107907331975
2024-11-04 20:00:00,33.76905730735164
2024-11-05 20:00:00,33.94866958250497
2024-11-06 20:00:00,33.409819999999996
2024-11-07 20:00:00,33.99802366071429
2024-11-08 20:00:00,33.44328320610687
2024-11-11 20:00:00,33.19049058473736
2024-11-12 20:00:00,33.129760914760915
2024-11-13 20:00:00,33.28111866028708
2024-11-14 20:00:00,32.80032
2024-11-15 20:00:00,32.8409282078473
2024-11-18 20:00:00,34.410309620253166
2024-11-19 20:00:00,32.6117
2024-11-20 20:00:00,32.59117428571429
2024-11-21 20:00:00,32.755073821989534
2024-11-22 20:00:00,32.88114172506739
2024-11-25 20:00:00,32.89016226415094
2024-11-26 20:00:00,32.79136857142857
2024-11-27 20:00:00,33.0565716981132
2024-11-28 20:00:00,33.332401886792454
2024-11-29 20:00:00,33.0217474801061
2024-12-02 20:00:00,35.38926942046856
2024-12-03 20:00:00,34.32968436830835
2024-12-04 20:00:00,34.59251958456973
2024-12-05 20:00:00,35.101801775147926
2024-12-06 20:00:00,33.345477810335645
2024-12-09 20:00:00,34.790370334928234
2024-12-10 20:00:00,34.821953246753246
2024-12-11 20:00:00,34.78307789046653
2024-12-12 20:00:00,35.38921901408451
2024-12-13 20:00:00,34.72280687022901
2024-12-16 20:00:00,34.49605107913669
2024-12-17 20:00:00,34.3963096499527
2024-12-18 20:00:00,33.17749634146342
2024-12-19 20:00:00,33.46852571428571
2024-12-20 20:00:00,33.67119134993447
2024-12-23 20:00:00,33.181833550488605
2024-12-24 20:00:00,33.76264488854727
2024-12-25 20:00:00,33.77919215987702
2024-12-26 20:00:00,33.945742857142854
2024-12-27 20:00:00,33.575312499999995
2024-12-30 20:00:00,33.091972222222225
2024-12-31 20:00:00,33.31620481927711
2025-01-01 20:00:00,33.29943373493976
2025-01-02 20:00:00,33.03075243902439
2025-01-03 20:00:00,34.80784403669725
2025-01-06 20:00:00,34.62268656716418
2025-01-07 20:00:00,34.30655737704918
2025-01-08 20:00:00,34.04507389162561
2025-01-09 20:00:00,34.01551724137931
2025-01-10 20:00:00,33.56110695187166
2025-01-13 20:00:00,33.48709053916582
2025-01-14 20:00:00,34.098
2025-01-15 20:00:00,33.6725
2025-01-16 20:00:00,34.632000000000005
2025-01-17 20:00:00,35.84109311740891
2025-01-20 20:00:00,35.54959514170041
2025-01-21 20:00:00,35.82731707317073
2025-01-22 20:00:00,35.922599898270605
2025-01-23 20:00:00,37.05581395348837
2025-01-24 20:00:00,36.487512752980315
2025-01-27 20:00:00,36.279368320610686
2025-01-28 20:00:00,36.32610738255034
2025-01-29 20:00:00,35.23015873015873
2025-01-30 20:00:00,35.26729537366548
2025-01-31 20:00:00,36.23026941362916
2025-02-03 20:00:00,35.78073142857143
2025-02-04 20:00:00,36.08468788249694
2025-02-05 20:00:00,36.581172491544535
2025-02-06 20:00:00,36.94709053916582
2025-02-07 20:00:00,36.50713375796178
2025-02-10 20:00:00,36.705000000000005
2025-02-11 20:00:00,37.15
2025-02-12 20:00:00,38.801736613603474
2025-02-13 20:00:00,38.955030978934325
2025-02-14 20:00:00,39.0
2025-02-17 20:00:00,39.0
2025-02-18 20:00:00,38.97062937062937
2025-02-19 20:00:00,37.829
2025-02-20 20:00:00,38.09546666666667
2025-02-21 20:00:00,37.85035185702318
2025-02-24 20:00:00,39.3818690313779
2025-02-25 20:00:00,39.41798962386511
2025-02-26 20:00:00,39.22261146496815
2025-02-27 20:00:00,37.70660759493671
2025-02-28 20:00:00,39.44955383700179
2025-03-03 20:00:00,39.488080000000004
2025-03-04 20:00:00,39.99838264299803
2025-03-05 20:00:00,41.59951020408163
2025-03-06 20:00:00,41.000207468879665
2025-03-07 20:00:00,41.30984230883666
2025-03-10 20:00:00,40.477037037037036
2025-03-11 20:00:00,40.39014256619144
2025-03-12 20:00:00,40.4580905511811
2025-03-13 20:00:00,39.99778979907264
2025-03-14 20:00:00,41.19986313597144
2025-03-17 20:00:00,41.37950718685832
2025-03-18 20:00:00,41.66826446280992
2025-03-19 20:00:00,41.210309278350515
2025-03-20 20:00:00,40.38028985507247
2025-03-21 20:00:00,40.213170874926604
2025-03-24 20:00:00,41.89584199584199
2025-03-25 20:00:00,41.393473053892215
2025-03-26 20:00:00,39.11997963340122
2025-03-27 20:00:00,39.61898936170213
2025-03-28 20:00:00,39.3
2025-03-31 20:00:00,39.300000000000004
2025-04-01 20:00:00,39.009958592132506
2025-04-02 20:00:00,38.741707317073164
2025-04-03 20:00:00,38.56279069767442
2025-04-04 20:00:00,35.739779827432315
2025-04-07 20:00:00,36.79714808043875
2025-04-08 20:00:00,35.04304609218437
2025-04-09 20:00:00,38.30850311850312
2025-04-10 20:00:00,38.35885714285714
2025-04-11 20:00:00,37.02657084188912
2025-04-14 20:00:00,39.470509004739334
2025-04-15 20:00:00,38.654980842911876
2025-04-16 20:00:00,39.620958904109585
2025-04-17 20:00:00,39.00145017609281
2025-04-18 20:00:00,39.08498031903874
2025-04-21 20:00:00,39.686422960725075
2025-04-22 20:00:00,40.40181422351234
2025-04-23 20:00:00,40.64998608058608
2025-04-24 20:00:00,41.240405643738974
2025-04-25 20:00:00,41.21
2025-04-28 20:00:00,41.47515114873035
2025-04-29 20:00:00,41.90053149606299
