predictor_instances,abs_potential_threshold_steps,Mean,Median,StdDev,Min,Max,SharpeRatio,trading_quantity_per_leverage_factor,sell_opposite_direction_if_no_cash,sell_all_opposite_products_if_no_cash,include_open_leverage_category,precalculate_predictor_observations,leverage_categories,date
"[LSTM_d3_ValHR0.9109, LSTM_d2_ValHR0.7925, LSTM_c2_ValHR0.7051]","(0.0025, 0.0075, 0.1)",0.0962490742079951,0.0750187765961461,0.1798585367806129,-0.3659354061137947,1.0608712250813823,0.6362822610623557,1.0,True,True,False,True,"(1.0, 2.0, 3.0, 4.0, 5.0)",2025-08-24
"[LSTM_d3_ValHR0.9109, LSTM_d2_ValHR0.7925]","(0.0025, 0.0075, 0.1)",0.0928327838053986,0.0794995147147101,0.1739594884455604,-0.3602497792649071,0.9015557032760266,0.625584948749193,1.0,True,True,False,True,"(1.0, 2.0, 3.0, 4.0, 5.0)",2025-08-24
"[LSTM_d3_ValHR0.9109, LSTM_d2_ValHR0.7925, LSTM_c2_ValHR0.7051]","(0.004, 0.015, 0.2)",0.0768204405252001,0.0474265881894422,0.1859355966053175,-0.3387966307360565,1.4196490441424094,0.5041889961437356,1.0,True,True,False,True,"(1.0, 2.0, 3.0, 4.0, 5.0)",2025-08-24
[LSTM_c2_ValHR0.7051],"(0.0025, 0.0075, 0.1)",0.0746454416485643,0.0345174340869951,0.2720643662109204,-0.4281853209883469,2.4496028070461286,0.3058079768151811,1.0,True,True,False,True,"(1.0, 2.0, 3.0, 4.0, 5.0)",2025-08-24
"[LSTM_d3_ValHR0.9109, LSTM_d2_ValHR0.7925, LSTM_c2_ValHR0.7051, LSTM_d1_ValHR0.6667]","(0.0025, 0.0075, 0.1)",0.0736657478519651,0.0540999625094138,0.1566221213209274,-0.3659351643969719,0.7028746137901251,0.5700754245346816,1.0,True,True,False,True,"(1.0, 2.0, 3.0, 4.0, 5.0)",2025-08-24
[LSTM_c2_ValHR0.7051],"(0.004, 0.015, 0.2)",0.0685834299355729,0.0365697982174406,0.243572397049373,-0.4252256533620775,2.1713009848102938,0.3176565196668549,1.0,True,True,False,True,"(1.0, 2.0, 3.0, 4.0, 5.0)",2025-08-24
[LSTM_c2_ValHR0.7051],"(0.01, 0.04, 0.3)",0.0682567458595201,0.0371417318810484,0.2482801425571216,-0.4157676266767297,2.171315435056454,0.3112520001319705,1.0,True,True,False,True,"(1.0, 2.0, 3.0, 4.0, 5.0)",2025-08-24
"[LSTM_d3_ValHR0.9109, LSTM_d2_ValHR0.7925, LSTM_c2_ValHR0.7051]","(0.01, 0.04, 0.3)",0.0596430013531317,0.0348137894785586,0.1751793616545948,-0.3150535494054395,1.3852603498423537,0.4400689129302522,1.0,True,True,False,True,"(1.0, 2.0, 3.0, 4.0, 5.0)",2025-08-24
"[LSTM_d3_ValHR0.9109, LSTM_d2_ValHR0.7925]","(0.004, 0.015, 0.2)",0.0593683355955828,0.050886860891877,0.1319315270448398,-0.3333346316802312,0.6580271321509136,0.5839703096460249,1.0,True,True,False,True,"(1.0, 2.0, 3.0, 4.0, 5.0)",2025-08-24
[LSTM_c2_ValHR0.7051],"(0.025, 0.075, 0.6)",0.0542175755714354,0.0103548429906819,0.2413799261270602,-0.3447929008512355,2.30506712584032,0.264858187507965,1.0,True,True,False,True,"(1.0, 2.0, 3.0, 4.0, 5.0)",2025-08-24
[LSTM_c2_ValHR0.7051],"(0.035, 0.125, 0.7)",0.0409983954758396,0.0078175955517512,0.2289592247516826,-0.3183320931929382,2.283631169322461,0.2204217359354888,1.0,True,True,False,True,"(1.0, 2.0, 3.0, 4.0, 5.0)",2025-08-24
"[LSTM_d3_ValHR0.9109, LSTM_d2_ValHR0.7925, LSTM_c2_ValHR0.7051, LSTM_d1_ValHR0.6667]","(0.004, 0.015, 0.2)",0.0264852770385685,0.0264479431147718,0.1121807510475775,-0.3536940107473308,0.4914345938936147,0.3712447866089314,1.0,True,True,False,True,"(1.0, 2.0, 3.0, 4.0, 5.0)",2025-08-24
"[LSTM_d3_ValHR0.9109, LSTM_d2_ValHR0.7925]","(0.01, 0.04, 0.3)",0.0166707160774089,0.0204798752514839,0.1080232820335847,-0.3659676538974747,0.3436574056269468,0.3219739142673907,1.0,True,True,False,True,"(1.0, 2.0, 3.0, 4.0, 5.0)",2025-08-24
"[LSTM_d3_ValHR0.9109, LSTM_d2_ValHR0.7925, LSTM_c2_ValHR0.7051]","(0.025, 0.075, 0.6)",0.0110737786918851,0.0015646340338209,0.106843872538991,-0.2540192495012827,0.4343415001982393,0.2461776700152457,1.0,True,True,False,True,"(1.0, 2.0, 3.0, 4.0, 5.0)",2025-08-24
"[LSTM_d3_ValHR0.9109, LSTM_d2_ValHR0.7925, LSTM_c2_ValHR0.7051, LSTM_d1_ValHR0.6667]","(0.01, 0.04, 0.3)",0.0077319626865177,0.0026039456290205,0.1024044347340054,-0.3252794145411008,0.3466442512471902,0.2158843527018369,1.0,True,True,False,True,"(1.0, 2.0, 3.0, 4.0, 5.0)",2025-08-24
"[LSTM_d3_ValHR0.9109, LSTM_d2_ValHR0.7925]","(0.025, 0.075, 0.6)",0.006643910629017,0.0034779874041782,0.1000700413117434,-0.2916807835985389,0.3400712239225396,0.2250911050608716,1.0,True,True,False,True,"(1.0, 2.0, 3.0, 4.0, 5.0)",2025-08-24
"[LSTM_d3_ValHR0.9109, LSTM_d2_ValHR0.7925]","(0.035, 0.125, 0.7)",0.0048204726608955,0.0014829215520008,0.1014816912225534,-0.3044257832730084,0.339057288089283,0.1888686604802698,1.0,True,True,False,True,"(1.0, 2.0, 3.0, 4.0, 5.0)",2025-08-24
"[LSTM_d3_ValHR0.9109, LSTM_d2_ValHR0.7925, LSTM_c2_ValHR0.7051]","(0.035, 0.125, 0.7)",0.0046451950414495,-5.322982812649285e-05,0.1012283449517125,-0.2246975862574146,0.4016415454789114,0.1799516587244662,1.0,True,True,False,True,"(1.0, 2.0, 3.0, 4.0, 5.0)",2025-08-24
"[LSTM_d3_ValHR0.9109, LSTM_d2_ValHR0.7925, LSTM_c2_ValHR0.7051, LSTM_d1_ValHR0.6667]","(0.025, 0.075, 0.6)",0.0045774103868947,0.0006966135580796,0.0993391353135876,-0.230124507950891,0.3499419530630487,0.190271003194474,1.0,True,True,False,True,"(1.0, 2.0, 3.0, 4.0, 5.0)",2025-08-24
"[LSTM_d3_ValHR0.9109, LSTM_d2_ValHR0.7925, LSTM_c2_ValHR0.7051, LSTM_d1_ValHR0.6667]","(0.035, 0.125, 0.7)",0.0038403860359873,-0.000114915282089,0.1026064923788157,-0.226910764726325,0.3879935841729116,0.1676315817420317,1.0,True,True,False,True,"(1.0, 2.0, 3.0, 4.0, 5.0)",2025-08-24
"[LSTM_d3_ValHR0.9109, LSTM_d2_ValHR0.7925, LSTM_c2_ValHR0.7051]","(0.0025, 0.01, 0.1)",0.0980552924739316,0.0664015790794533,0.1812111780086146,-0.3659354150410971,1.059766103962842,0.6428537242115223,1.0,True,True,False,True,"(1.0, 2.0, 3.0, 4.0, 5.0)",2025-08-24
"[LSTM_d3_ValHR0.9109, LSTM_d2_ValHR0.7925, LSTM_c2_ValHR0.7051]","(0.0025, 0.0075, 0.1)",0.0962490742079951,0.0750187765961461,0.1798585367806129,-0.3659354061137947,1.0608712250813823,0.6362822610623557,1.0,True,True,False,True,"(1.0, 2.0, 3.0, 4.0, 5.0)",2025-08-24
"[LSTM_d3_ValHR0.9109, LSTM_d2_ValHR0.7925, LSTM_c2_ValHR0.7051]","(0.0025, 0.01, 0.15)",0.0882152562614625,0.0588232833011241,0.197124548318469,-0.3537012679469925,1.4716267669464596,0.5379250175919573,1.0,True,True,False,True,"(1.0, 2.0, 3.0, 4.0, 5.0)",2025-08-24
"[LSTM_d3_ValHR0.9109, LSTM_d2_ValHR0.7925, LSTM_c2_ValHR0.7051]","(0.0025, 0.0075, 0.15)",0.0843538419189203,0.0521417624848398,0.1845936143983927,-0.3537012584491936,1.31880566215856,0.555120783912927,1.0,True,True,False,True,"(1.0, 2.0, 3.0, 4.0, 5.0)",2025-08-24
"[LSTM_d3_ValHR0.9109, LSTM_d2_ValHR0.7925, LSTM_c2_ValHR0.7051]","(0.0025, 0.01, 0.2)",0.0768562594013471,0.0488133962850046,0.1854720983554495,-0.3387965234261917,1.4193408974741093,0.5080165474028869,1.0,True,True,False,True,"(1.0, 2.0, 3.0, 4.0, 5.0)",2025-08-24
"[LSTM_d3_ValHR0.9109, LSTM_d2_ValHR0.7925, LSTM_c2_ValHR0.7051]","(0.0025, 0.0075, 0.2)",0.0672342995976702,0.0421466674187131,0.1523874472989491,-0.3387963098691293,0.9021919377684952,0.5640959997890815,1.0,True,True,False,True,"(1.0, 2.0, 3.0, 4.0, 5.0)",2025-08-24
"[LSTM_d3_ValHR0.9109, LSTM_d2_ValHR0.7925, LSTM_c2_ValHR0.7051]","(0.0025, 0.015, 0.3)",0.049513306747868,0.0303948925025953,0.1418125284264114,-0.3150546376279645,0.9882204746304843,0.4773949433345008,1.0,True,True,False,True,"(1.0, 2.0, 3.0, 4.0, 5.0)",2025-08-24
"[LSTM_d3_ValHR0.9109, LSTM_d2_ValHR0.7925, LSTM_c2_ValHR0.7051]","(0.0025, 0.0075, 0.3)",0.0443549989701605,0.0291961276257855,0.1195487394472929,-0.3252257117795772,0.562028833720053,0.5304849966051316,1.0,True,True,False,True,"(1.0, 2.0, 3.0, 4.0, 5.0)",2025-08-24
"[LSTM_d3_ValHR0.9109, LSTM_d2_ValHR0.7925, LSTM_c2_ValHR0.7051]","(0.0025, 0.015, 0.4)",0.0256393451598865,0.0181278938046415,0.104284370023332,-0.2881881135677148,0.4164429046772356,0.4343901413654704,1.0,True,True,False,True,"(1.0, 2.0, 3.0, 4.0, 5.0)",2025-08-24
"[LSTM_d3_ValHR0.9109, LSTM_d2_ValHR0.7925, LSTM_c2_ValHR0.7051]","(0.0025, 0.025, 0.1)",0.1079159020021071,0.0793904207746581,0.217563152774837,-0.3659354312825399,1.5464949913351398,0.5757833330564637,1.0,True,True,False,True,"(1.0, 2.0, 3.0, 4.0, 5.0)",2025-08-24
"[LSTM_d3_ValHR0.9109, LSTM_d2_ValHR0.7925, LSTM_c2_ValHR0.7051]","(0.0025, 0.02, 0.1)",0.1052622803882366,0.0783281926615122,0.211031238035235,-0.3659354299499348,1.5489115038798071,0.5851596088599826,1.0,True,True,False,True,"(1.0, 2.0, 3.0, 4.0, 5.0)",2025-08-24
"[LSTM_d3_ValHR0.9109, LSTM_d2_ValHR0.7925, LSTM_c2_ValHR0.7051]","(0.0025, 0.015, 0.1)",0.0996052708989255,0.0665023851403261,0.1849031506797026,-0.3659354272403493,1.0619687714190342,0.6363465711629229,1.0,True,True,False,True,"(1.0, 2.0, 3.0, 4.0, 5.0)",2025-08-24
"[LSTM_d3_ValHR0.9109, LSTM_d2_ValHR0.7925, LSTM_c2_ValHR0.7051]","(0.0025, 0.01, 0.1)",0.0980552924739316,0.0664015790794533,0.1812111780086146,-0.3659354150410971,1.059766103962842,0.6428537242115223,1.0,True,True,False,True,"(1.0, 2.0, 3.0, 4.0, 5.0)",2025-08-24
"[LSTM_d3_ValHR0.9109, LSTM_d2_ValHR0.7925, LSTM_c2_ValHR0.7051]","(0.0025, 0.045, 0.1)",0.1062279559448221,0.0703730733603258,0.2315460557747946,-0.3659354220200949,1.689165341409361,0.5338308766800066,1.0,True,True,False,True,"(1.0, 2.0, 3.0, 4.0, 5.0)",2025-08-24
"[LSTM_d3_ValHR0.9109, LSTM_d2_ValHR0.7925, LSTM_c2_ValHR0.7051]","(0.0025, 0.03, 0.1)",0.1048971944270455,0.067475720380196,0.2266929390982074,-0.3659354308052868,1.6913606921168072,0.5412684871644929,1.0,True,True,False,True,"(1.0, 2.0, 3.0, 4.0, 5.0)",2025-08-24
"[LSTM_d3_ValHR0.9109, LSTM_d2_ValHR0.7925, LSTM_c2_ValHR0.7051]","(0.0025, 0.04, 0.1)",0.1039073135736132,0.070311064685813,0.2076656355720579,-0.3659354184038713,1.154567658647602,0.5847277458649532,1.0,True,True,False,True,"(1.0, 2.0, 3.0, 4.0, 5.0)",2025-08-24
"[LSTM_d3_ValHR0.9109, LSTM_d2_ValHR0.7925, LSTM_c2_ValHR0.7051]","(0.0025, 0.035, 0.1)",0.101716191306304,0.0739532730181605,0.2037927593898552,-0.3659354229280216,1.1375542816273163,0.5810839104013866,1.0,True,True,False,True,"(1.0, 2.0, 3.0, 4.0, 5.0)",2025-08-24
"[LSTM_d3_ValHR0.9109, LSTM_d2_ValHR0.7925, LSTM_c2_ValHR0.7051]","(0.0025, 0.035, 0.125)",0.0994342663649772,0.0562430820310446,0.2231519235700227,-0.3537013002248819,1.6551501128212434,0.5238790620483683,1.0,True,True,False,True,"(1.0, 2.0, 3.0, 4.0, 5.0)",2025-08-24
"[LSTM_d3_ValHR0.9109, LSTM_d2_ValHR0.7925, LSTM_c2_ValHR0.7051]","(0.0025, 0.045, 0.15)",0.0979430024934808,0.0634445018721815,0.2207455999579247,-0.3387966157686239,1.677616786948055,0.5207921780748103,1.0,True,True,False,True,"(1.0, 2.0, 3.0, 4.0, 5.0)",2025-08-24
"[LSTM_d3_ValHR0.9109, LSTM_d2_ValHR0.7925, LSTM_c2_ValHR0.7051]","(0.0025, 0.04, 0.15)",0.0942374318724192,0.0564157143475042,0.2114983410706739,-0.3387966053185016,1.5401611046324497,0.52849090002633,1.0,True,True,False,True,"(1.0, 2.0, 3.0, 4.0, 5.0)",2025-08-24
"[LSTM_d3_ValHR0.9109, LSTM_d2_ValHR0.7925, LSTM_c2_ValHR0.7051]","(0.0025, 0.03, 0.125)",0.0938779725984437,0.0602997959954619,0.2055927683124442,-0.3537012879783562,1.4910864241382973,0.5434199889171296,1.0,True,True,False,True,"(1.0, 2.0, 3.0, 4.0, 5.0)",2025-08-24
"[LSTM_d3_ValHR0.9109, LSTM_d2_ValHR0.7925, LSTM_c2_ValHR0.7051]","(0.0025, 0.04, 0.1)",0.1162750837746062,0.0641590235016303,0.2545227839642925,-0.3622941498645509,1.923900109720066,0.5263679329634806,2.0,True,True,False,True,"(1.0, 2.0, 3.0, 4.0, 5.0)",2025-08-25
"[LSTM_d3_ValHR0.9109, LSTM_d2_ValHR0.7925, LSTM_c2_ValHR0.7051]","(0.0025, 0.04, 0.1)",0.1160306806658627,0.0707286575285671,0.2594169941547445,-0.3623103867360516,2.0110280225998745,0.5085699888779625,3.0,True,True,False,True,"(1.0, 2.0, 3.0, 4.0, 5.0)",2025-08-25
"[LSTM_d3_ValHR0.9109, LSTM_d2_ValHR0.7925, LSTM_c2_ValHR0.7051]","(0.0025, 0.045, 0.1)",0.1100248230097816,0.0726941327667327,0.2261273992420607,-0.3623103805257874,1.4903825189555346,0.5563740417987446,3.0,True,True,False,True,"(1.0, 2.0, 3.0, 4.0, 5.0)",2025-08-25
"[LSTM_d3_ValHR0.9109, LSTM_d2_ValHR0.7925, LSTM_c2_ValHR0.7051]","(0.0025, 0.045, 0.1)",0.1088437639774814,0.0633035512200024,0.2455836775356652,-0.3622941557309963,1.9234448289074093,0.5164125634480703,2.0,True,True,False,True,"(1.0, 2.0, 3.0, 4.0, 5.0)",2025-08-25
"[LSTM_d3_ValHR0.9109, LSTM_d2_ValHR0.7925, LSTM_c2_ValHR0.7051]","(0.0025, 0.045, 0.1)",0.1062279559448221,0.0703730733603258,0.2315460557747946,-0.3659354220200949,1.689165341409361,0.5338308766800066,1.0,True,True,False,True,"(1.0, 2.0, 3.0, 4.0, 5.0)",2025-08-25
"[LSTM_d3_ValHR0.9109, LSTM_d2_ValHR0.7925, LSTM_c2_ValHR0.7051]","(0.0025, 0.04, 0.1)",0.1039073135736132,0.070311064685813,0.2076656355720579,-0.3659354184038713,1.154567658647602,0.5847277458649532,1.0,True,True,False,True,"(1.0, 2.0, 3.0, 4.0, 5.0)",2025-08-25
"[LSTM_d3_ValHR0.9109, LSTM_d2_ValHR0.7925, LSTM_c2_ValHR0.7051]","(0.0025, 0.04, 0.15)",0.1019478322141742,0.0672993588471757,0.2115575671061861,-0.28319600365381,1.518443526482359,0.5582531411253671,3.0,True,True,False,True,"(1.0, 2.0, 3.0, 4.0, 5.0)",2025-08-25
"[LSTM_d3_ValHR0.9109, LSTM_d2_ValHR0.7925, LSTM_c2_ValHR0.7051]","(0.0025, 0.045, 0.15)",0.1009360104347228,0.0540753468102206,0.2432101695165818,-0.2831959793878274,2.0297842505428703,0.4809048145049379,3.0,True,True,False,True,"(1.0, 2.0, 3.0, 4.0, 5.0)",2025-08-25
"[LSTM_d3_ValHR0.9109, LSTM_d2_ValHR0.7925, LSTM_c2_ValHR0.7051]","(0.0025, 0.045, 0.15)",0.0979430024934808,0.0634445018721815,0.2207455999579247,-0.3387966157686239,1.677616786948055,0.5207921780748103,1.0,True,True,False,True,"(1.0, 2.0, 3.0, 4.0, 5.0)",2025-08-25
"[LSTM_d3_ValHR0.9109, LSTM_d2_ValHR0.7925, LSTM_c2_ValHR0.7051]","(0.0025, 0.04, 0.15)",0.0942374318724192,0.0564157143475042,0.2114983410706739,-0.3387966053185016,1.5401611046324497,0.52849090002633,1.0,True,True,False,True,"(1.0, 2.0, 3.0, 4.0, 5.0)",2025-08-25
"[LSTM_d3_ValHR0.9109, LSTM_d2_ValHR0.7925, LSTM_c2_ValHR0.7051]","(0.0025, 0.045, 0.15)",0.0860335730857472,0.0452868953286535,0.216764804312964,-0.3101303535545247,1.6792975403452373,0.469896431671376,2.0,True,True,False,True,"(1.0, 2.0, 3.0, 4.0, 5.0)",2025-08-25
"[LSTM_d3_ValHR0.9109, LSTM_d2_ValHR0.7925, LSTM_c2_ValHR0.7051]","(0.0025, 0.04, 0.15)",0.0802246750425014,0.0448392470137293,0.1838907071531462,-0.3101303873152568,1.0794442557981443,0.5234343643146232,2.0,True,True,False,True,"(1.0, 2.0, 3.0, 4.0, 5.0)",2025-08-25
"[LSTM_d3_ValHR0.9109, LSTM_d2_ValHR0.7925, LSTM_c2_ValHR0.7051]","(0.0025, 0.04, 0.1)",0.1174170570619785,0.0746640639202708,0.2577603361929255,-0.3627105921490894,1.9623854511438807,0.5191970902571165,2.5,True,True,False,True,"(1.0, 2.0, 3.0, 4.0, 5.0)",2025-08-25
"[LSTM_d3_ValHR0.9109, LSTM_d2_ValHR0.7925, LSTM_c2_ValHR0.7051]","(0.0025, 0.04, 0.1)",0.1164487917592812,0.0619449683552486,0.2592971870272938,-0.362502698998635,1.936245117332536,0.517402963068021,2.25,True,True,False,True,"(1.0, 2.0, 3.0, 4.0, 5.0)",2025-08-25
"[LSTM_d3_ValHR0.9109, LSTM_d2_ValHR0.7925, LSTM_c2_ValHR0.7051]","(0.0025, 0.04, 0.1)",0.1162750837746062,0.0641590235016303,0.2545227839642925,-0.3622941498645509,1.923900109720066,0.5263679329634806,2.0,True,True,False,True,"(1.0, 2.0, 3.0, 4.0, 5.0)",2025-08-25
"[LSTM_d3_ValHR0.9109, LSTM_d2_ValHR0.7925, LSTM_c2_ValHR0.7051]","(0.0025, 0.04, 0.1)",0.1160306806658627,0.0707286575285671,0.2594169941547445,-0.3623103867360516,2.0110280225998745,0.5085699888779625,3.0,True,True,False,True,"(1.0, 2.0, 3.0, 4.0, 5.0)",2025-08-25
"[LSTM_d3_ValHR0.9109, LSTM_d2_ValHR0.7925, LSTM_c2_ValHR0.7051]","(0.0025, 0.04, 0.1)",0.1158795986419903,0.0661963310528789,0.2540715652480648,-0.3620849509390474,1.9022673844359943,0.5264941448027824,1.75,True,True,False,True,"(1.0, 2.0, 3.0, 4.0, 5.0)",2025-08-25
"[LSTM_d3_ValHR0.9109, LSTM_d2_ValHR0.7925, LSTM_c2_ValHR0.7051]","(0.0025, 0.04, 0.1)",0.1147590359378269,0.0784399313548446,0.2321316056439099,-0.3625225526184796,1.479165562127539,0.5670099259144116,2.75,True,True,False,True,"(1.0, 2.0, 3.0, 4.0, 5.0)",2025-08-25
"[LSTM_d3_ValHR0.9109, LSTM_d2_ValHR0.7925, LSTM_c2_ValHR0.7051]","(0.0025, 0.04, 0.1)",0.1107317098224741,0.0619782512295001,0.2487126595851982,-0.3673829212246511,1.8751289778224025,0.5166092964439127,1.5,True,True,False,True,"(1.0, 2.0, 3.0, 4.0, 5.0)",2025-08-25
"[LSTM_d3_ValHR0.9109, LSTM_d2_ValHR0.7925, LSTM_c2_ValHR0.7051]","(0.0025, 0.04, 0.1)",0.1039073135736132,0.070311064685813,0.2076656355720579,-0.3659354184038713,1.154567658647602,0.5847277458649532,1.0,True,True,False,True,"(1.0, 2.0, 3.0, 4.0, 5.0)",2025-08-25
"[LSTM_d3_ValHR0.9109, LSTM_d2_ValHR0.7925, LSTM_c2_ValHR0.7051]","(0.0025, 0.04, 0.1)",0.1016425057578387,0.0627817370201642,0.2115417015071538,-0.3755614608747975,1.2355235260348485,0.564865298699371,1.25,True,True,False,True,"(1.0, 2.0, 3.0, 4.0, 5.0)",2025-08-25
[LSTM_c2_ValHR0.9857],"(0.0025, 0.04, 0.1)",0.3123026794790693,0.2570108618098034,0.2560586344152325,-0.1188525621967996,1.912026592442861,1.305445326257011,2.5,True,True,False,True,"(1.0, 2.0, 3.0, 4.0, 5.0)",2025-09-16
[LSTM_c2_ValHR0.9857],"(0.0025, 0.04, 0.1)",0.3123026794790693,0.2570108618098034,0.2560586344152325,-0.1188525621967996,1.912026592442861,1.305445326257011,2.5,True,True,False,True,"(1.0, 2.0, 3.0, 4.0, 5.0)",2025-09-16
[LSTM_c2_ValHR0.9857],"(0.0025, 0.04, 0.1)",0.3123026794790693,0.2570108618098034,0.2560586344152325,-0.1188525621967996,1.912026592442861,1.305445326257011,2.5,True,True,False,True,"(1.0, 2.0, 3.0, 4.0, 5.0)",2025-09-16
[LSTM_c2_ValHR0.9857],"(0.0025, 0.04, 0.1)",0.3123026794790693,0.2570108618098034,0.2560586344152325,-0.1188525621967996,1.912026592442861,1.305445326257011,2.5,True,True,False,True,"(1.0, 2.0, 3.0, 4.0, 5.0)",2025-09-16
"[LSTM_c2_ValHR0.9857, LSTM_d2_ValHR0.9541]","(0.0025, 0.04, 0.1)",0.285838027810577,0.2247446624957546,0.2266218294884667,-0.0488528926482781,1.529904719589354,1.3537566120694409,2.5,True,True,False,True,"(1.0, 2.0, 3.0, 4.0, 5.0)",2025-09-16
"[LSTM_c2_ValHR0.9857, LSTM_d2_ValHR0.9541]","(0.0025, 0.04, 0.1)",0.285838027810577,0.2247446624957546,0.2266218294884667,-0.0488528926482781,1.529904719589354,1.3537566120694409,2.5,True,True,False,True,"(1.0, 2.0, 3.0, 4.0, 5.0)",2025-09-16
"[LSTM_c2_ValHR0.9857, LSTM_d2_ValHR0.9541]","(0.0025, 0.04, 0.1)",0.285838027810577,0.2247446624957546,0.2266218294884667,-0.0488528926482781,1.529904719589354,1.3537566120694409,2.5,True,True,False,True,"(1.0, 2.0, 3.0, 4.0, 5.0)",2025-09-16
"[LSTM_c2_ValHR0.9857, LSTM_d3_ValHR0.9904]","(0.0025, 0.04, 0.1)",0.2760947275902798,0.2526293572594499,0.2083112774920814,-0.049830021013758,1.159212157775304,1.4000621665753683,2.5,True,True,False,True,"(1.0, 2.0, 3.0, 4.0, 5.0)",2025-09-16
"[LSTM_c2_ValHR0.9857, LSTM_d3_ValHR0.9904]","(0.0025, 0.04, 0.1)",0.2760947275902798,0.2526293572594499,0.2083112774920814,-0.049830021013758,1.159212157775304,1.4000621665753683,2.5,True,True,False,True,"(1.0, 2.0, 3.0, 4.0, 5.0)",2025-09-16
"[LSTM_c2_ValHR0.9857, LSTM_d3_ValHR0.9904]","(0.0025, 0.04, 0.1)",0.2760947275902798,0.2526293572594499,0.2083112774920814,-0.049830021013758,1.159212157775304,1.4000621665753683,2.5,True,True,False,True,"(1.0, 2.0, 3.0, 4.0, 5.0)",2025-09-16
"[LSTM_c2_ValHR0.9857, LSTM_d1_ValHR0.6036, LSTM_d2_ValHR0.9541]","(0.0025, 0.04, 0.1)",0.2738992956069603,0.256229222493734,0.2212178062139748,-0.032701753746535,1.5298724385359417,1.3305655659820408,2.5,True,True,False,True,"(1.0, 2.0, 3.0, 4.0, 5.0)",2025-09-16
"[LSTM_c2_ValHR0.9857, LSTM_d1_ValHR0.6036]","(0.0025, 0.04, 0.1)",0.2635651855224479,0.210463207329809,0.202998434520649,-0.0707494311587404,0.95249748539706,1.37477386621805,2.5,True,True,False,True,"(1.0, 2.0, 3.0, 4.0, 5.0)",2025-09-16
"[LSTM_c2_ValHR0.9857, LSTM_d1_ValHR0.6036]","(0.0025, 0.04, 0.1)",0.2635651855224479,0.210463207329809,0.202998434520649,-0.0707494311587404,0.95249748539706,1.37477386621805,2.5,True,True,False,True,"(1.0, 2.0, 3.0, 4.0, 5.0)",2025-09-16
"[LSTM_c2_ValHR0.9857, LSTM_d1_ValHR0.6036]","(0.0025, 0.04, 0.1)",0.2635651855224479,0.210463207329809,0.202998434520649,-0.0707494311587404,0.95249748539706,1.37477386621805,2.5,True,True,False,True,"(1.0, 2.0, 3.0, 4.0, 5.0)",2025-09-16
"[LSTM_c1_ValHR0.8000, LSTM_c2_ValHR0.9857]","(0.0025, 0.04, 0.1)",0.2600705310760443,0.2075822320425228,0.2699200773831061,-0.0778499321172601,2.308832675710201,1.0445933149224669,2.5,True,True,False,True,"(1.0, 2.0, 3.0, 4.0, 5.0)",2025-09-16
"[LSTM_c1_ValHR0.8000, LSTM_c2_ValHR0.9857]","(0.0025, 0.04, 0.1)",0.2600705310760443,0.2075822320425228,0.2699200773831061,-0.0778499321172601,2.308832675710201,1.0445933149224669,2.5,True,True,False,True,"(1.0, 2.0, 3.0, 4.0, 5.0)",2025-09-16
"[LSTM_c1_ValHR0.8000, LSTM_c2_ValHR0.9857]","(0.0025, 0.04, 0.1)",0.2600705310760443,0.2075822320425228,0.2699200773831061,-0.0778499321172601,2.308832675710201,1.0445933149224669,2.5,True,True,False,True,"(1.0, 2.0, 3.0, 4.0, 5.0)",2025-09-16
"[LSTM_c2_ValHR0.9857, LSTM_d2_ValHR0.9541, LSTM_d3_ValHR0.9904]","(0.0025, 0.04, 0.1)",0.2558506509774712,0.2205828768748503,0.2158384663551107,-0.0343504481261881,1.5818328909025288,1.2937682206838466,2.5,True,True,False,True,"(1.0, 2.0, 3.0, 4.0, 5.0)",2025-09-16
"[LSTM_c1_ValHR0.8000, LSTM_c2_ValHR0.9857, LSTM_d2_ValHR0.9541]","(0.0025, 0.04, 0.1)",0.2519292982635284,0.2089876627045681,0.248508341593265,-0.0750443589056527,2.006293716336552,1.1022319857326872,2.5,True,True,False,True,"(1.0, 2.0, 3.0, 4.0, 5.0)",2025-09-16
"[LSTM_c2_ValHR0.9857, LSTM_d1_ValHR0.6036, LSTM_d3_ValHR0.9904]","(0.0025, 0.04, 0.1)",0.2518480227960014,0.204155275844229,0.2198399744146499,-0.011680948738018,1.552240272969594,1.2353048909217488,2.5,True,True,False,True,"(1.0, 2.0, 3.0, 4.0, 5.0)",2025-09-16
"[LSTM_c1_ValHR0.8000, LSTM_c2_ValHR0.9857, LSTM_d3_ValHR0.9904]","(0.0025, 0.04, 0.1)",0.2513041523551351,0.1996759744494998,0.2645122063115843,-0.0565615474167511,2.3028412232804163,1.027251638527435,2.5,True,True,False,True,"(1.0, 2.0, 3.0, 4.0, 5.0)",2025-09-16
"[LSTM_c1_ValHR0.8000, LSTM_c2_ValHR0.9857, LSTM_d1_ValHR0.6036]","(0.0025, 0.04, 0.1)",0.2319077046798388,0.2003034584843453,0.1867619609812316,-0.107333220798743,0.9285429470250036,1.307311220565673,2.5,True,True,False,True,"(1.0, 2.0, 3.0, 4.0, 5.0)",2025-09-16
"[LSTM_c1_ValHR0.8000, LSTM_d2_ValHR0.9541]","(0.0025, 0.04, 0.1)",0.1846751852335165,0.1503223374106977,0.21018845670793,-0.1931306161863315,1.5299047773539585,0.9411392831798348,2.5,True,True,False,True,"(1.0, 2.0, 3.0, 4.0, 5.0)",2025-09-16
"[LSTM_c1_ValHR0.8000, LSTM_d2_ValHR0.9541]","(0.0025, 0.04, 0.1)",0.1846751852335165,0.1503223374106977,0.21018845670793,-0.1931306161863315,1.5299047773539585,0.9411392831798348,2.5,True,True,False,True,"(1.0, 2.0, 3.0, 4.0, 5.0)",2025-09-16
"[LSTM_c1_ValHR0.8000, LSTM_d2_ValHR0.9541]","(0.0025, 0.04, 0.1)",0.1846751852335165,0.1503223374106977,0.21018845670793,-0.1931306161863315,1.5299047773539585,0.9411392831798348,2.5,True,True,False,True,"(1.0, 2.0, 3.0, 4.0, 5.0)",2025-09-16
"[LSTM_c1_ValHR0.8000, LSTM_d2_ValHR0.9541, LSTM_d3_ValHR0.9904]","(0.0025, 0.04, 0.1)",0.1704174782620349,0.1298995238305701,0.2113766485800525,-0.2211384295887773,1.5590831468875306,0.8678559528268288,2.5,True,True,False,True,"(1.0, 2.0, 3.0, 4.0, 5.0)",2025-09-16
"[LSTM_c1_ValHR0.8000, LSTM_d1_ValHR0.6036, LSTM_d2_ValHR0.9541]","(0.0025, 0.04, 0.1)",0.1697200266213916,0.141103475967089,0.1947693053996467,-0.1921139729637112,1.2629472770566772,0.937460527687044,2.5,True,True,False,True,"(1.0, 2.0, 3.0, 4.0, 5.0)",2025-09-16
[LSTM_d2_ValHR0.9541],"(0.0025, 0.04, 0.1)",0.1696136841215119,0.1316928129891535,0.1887738796839808,-0.2345984872171352,0.9454485266809288,0.9416056340645902,2.5,True,True,False,True,"(1.0, 2.0, 3.0, 4.0, 5.0)",2025-09-16
[LSTM_d2_ValHR0.9541],"(0.0025, 0.04, 0.1)",0.1696136841215119,0.1316928129891535,0.1887738796839808,-0.2345984872171352,0.9454485266809288,0.9416056340645902,2.5,True,True,False,True,"(1.0, 2.0, 3.0, 4.0, 5.0)",2025-09-16
[LSTM_d2_ValHR0.9541],"(0.0025, 0.04, 0.1)",0.1696136841215119,0.1316928129891535,0.1887738796839808,-0.2345984872171352,0.9454485266809288,0.9416056340645902,2.5,True,True,False,True,"(1.0, 2.0, 3.0, 4.0, 5.0)",2025-09-16
[LSTM_d2_ValHR0.9541],"(0.0025, 0.04, 0.1)",0.1696136841215119,0.1316928129891535,0.1887738796839808,-0.2345984872171352,0.9454485266809288,0.9416056340645902,2.5,True,True,False,True,"(1.0, 2.0, 3.0, 4.0, 5.0)",2025-09-16
"[LSTM_c1_ValHR0.8000, LSTM_d1_ValHR0.6036, LSTM_d3_ValHR0.9904]","(0.0025, 0.04, 0.1)",0.1642366079481543,0.1243976901489639,0.2135464556687981,-0.161579251548172,1.3038266708738149,0.8257399863495598,2.5,True,True,False,True,"(1.0, 2.0, 3.0, 4.0, 5.0)",2025-09-16
"[LSTM_c1_ValHR0.8000, LSTM_d3_ValHR0.9904]","(0.0025, 0.04, 0.1)",0.1638146118232119,0.1304882425651736,0.2422301664502534,-0.2242028490975831,2.002197088255113,0.7426904712432508,2.5,True,True,False,True,"(1.0, 2.0, 3.0, 4.0, 5.0)",2025-09-16
"[LSTM_c1_ValHR0.8000, LSTM_d3_ValHR0.9904]","(0.0025, 0.04, 0.1)",0.1638146118232119,0.1304882425651736,0.2422301664502534,-0.2242028490975831,2.002197088255113,0.7426904712432508,2.5,True,True,False,True,"(1.0, 2.0, 3.0, 4.0, 5.0)",2025-09-16
"[LSTM_c1_ValHR0.8000, LSTM_d3_ValHR0.9904]","(0.0025, 0.04, 0.1)",0.1638146118232119,0.1304882425651736,0.2422301664502534,-0.2242028490975831,2.002197088255113,0.7426904712432508,2.5,True,True,False,True,"(1.0, 2.0, 3.0, 4.0, 5.0)",2025-09-16
"[LSTM_d1_ValHR0.6036, LSTM_d2_ValHR0.9541]","(0.0025, 0.04, 0.1)",0.1454912494797127,0.1108630005671695,0.1818334434481608,-0.3086941627292632,0.9454184797270834,0.8641338465489807,2.5,True,True,False,True,"(1.0, 2.0, 3.0, 4.0, 5.0)",2025-09-16
"[LSTM_d1_ValHR0.6036, LSTM_d2_ValHR0.9541]","(0.0025, 0.04, 0.1)",0.1454912494797127,0.1108630005671695,0.1818334434481608,-0.3086941627292632,0.9454184797270834,0.8641338465489807,2.5,True,True,False,True,"(1.0, 2.0, 3.0, 4.0, 5.0)",2025-09-16
"[LSTM_d1_ValHR0.6036, LSTM_d2_ValHR0.9541]","(0.0025, 0.04, 0.1)",0.1454912494797127,0.1108630005671695,0.1818334434481608,-0.3086941627292632,0.9454184797270834,0.8641338465489807,2.5,True,True,False,True,"(1.0, 2.0, 3.0, 4.0, 5.0)",2025-09-16
"[LSTM_c1_ValHR0.8000, LSTM_d1_ValHR0.6036]","(0.0025, 0.04, 0.1)",0.1442767392793904,0.1124500723953966,0.2006758646891874,-0.169674435353696,1.2833035678884517,0.7950232659472871,2.5,True,True,False,True,"(1.0, 2.0, 3.0, 4.0, 5.0)",2025-09-16
"[LSTM_c1_ValHR0.8000, LSTM_d1_ValHR0.6036]","(0.0025, 0.04, 0.1)",0.1442767392793904,0.1124500723953966,0.2006758646891874,-0.169674435353696,1.2833035678884517,0.7950232659472871,2.5,True,True,False,True,"(1.0, 2.0, 3.0, 4.0, 5.0)",2025-09-16
"[LSTM_c1_ValHR0.8000, LSTM_d1_ValHR0.6036]","(0.0025, 0.04, 0.1)",0.1442767392793904,0.1124500723953966,0.2006758646891874,-0.169674435353696,1.2833035678884517,0.7950232659472871,2.5,True,True,False,True,"(1.0, 2.0, 3.0, 4.0, 5.0)",2025-09-16
[LSTM_c1_ValHR0.8000],"(0.0025, 0.04, 0.1)",0.1383380587749962,0.0874870221868431,0.1944035830045268,-0.2804650326269047,0.8540920632961067,0.7957186733912073,2.5,True,True,False,True,"(1.0, 2.0, 3.0, 4.0, 5.0)",2025-09-16
[LSTM_c1_ValHR0.8000],"(0.0025, 0.04, 0.1)",0.1383380587749962,0.0874870221868431,0.1944035830045268,-0.2804650326269047,0.8540920632961067,0.7957186733912073,2.5,True,True,False,True,"(1.0, 2.0, 3.0, 4.0, 5.0)",2025-09-16
[LSTM_c1_ValHR0.8000],"(0.0025, 0.04, 0.1)",0.1383380587749962,0.0874870221868431,0.1944035830045268,-0.2804650326269047,0.8540920632961067,0.7957186733912073,2.5,True,True,False,True,"(1.0, 2.0, 3.0, 4.0, 5.0)",2025-09-16
[LSTM_c1_ValHR0.8000],"(0.0025, 0.04, 0.1)",0.1383380587749962,0.0874870221868431,0.1944035830045268,-0.2804650326269047,0.8540920632961067,0.7957186733912073,2.5,True,True,False,True,"(1.0, 2.0, 3.0, 4.0, 5.0)",2025-09-16
"[LSTM_d2_ValHR0.9541, LSTM_d3_ValHR0.9904]","(0.0025, 0.04, 0.1)",0.1340346082478652,0.1020830299644022,0.1836293198102658,-0.1362402667096735,1.251130967112123,0.8221479216764562,2.5,True,True,False,True,"(1.0, 2.0, 3.0, 4.0, 5.0)",2025-09-16
"[LSTM_d2_ValHR0.9541, LSTM_d3_ValHR0.9904]","(0.0025, 0.04, 0.1)",0.1340346082478652,0.1020830299644022,0.1836293198102658,-0.1362402667096735,1.251130967112123,0.8221479216764562,2.5,True,True,False,True,"(1.0, 2.0, 3.0, 4.0, 5.0)",2025-09-16
"[LSTM_d2_ValHR0.9541, LSTM_d3_ValHR0.9904]","(0.0025, 0.04, 0.1)",0.1340346082478652,0.1020830299644022,0.1836293198102658,-0.1362402667096735,1.251130967112123,0.8221479216764562,2.5,True,True,False,True,"(1.0, 2.0, 3.0, 4.0, 5.0)",2025-09-16
"[LSTM_d1_ValHR0.6036, LSTM_d2_ValHR0.9541, LSTM_d3_ValHR0.9904]","(0.0025, 0.04, 0.1)",0.1115088387871173,0.078040581005629,0.155918564496912,-0.1563044437493547,0.8036544054569955,0.7798507090327335,2.5,True,True,False,True,"(1.0, 2.0, 3.0, 4.0, 5.0)",2025-09-16
"[LSTM_d1_ValHR0.6036, LSTM_d3_ValHR0.9904]","(0.0025, 0.04, 0.1)",0.086753762720881,0.0554406616680991,0.1389635047610506,-0.1400801686663766,0.5818170813060796,0.6879735742840964,2.5,True,True,False,True,"(1.0, 2.0, 3.0, 4.0, 5.0)",2025-09-16
"[LSTM_d1_ValHR0.6036, LSTM_d3_ValHR0.9904]","(0.0025, 0.04, 0.1)",0.086753762720881,0.0554406616680991,0.1389635047610506,-0.1400801686663766,0.5818170813060796,0.6879735742840964,2.5,True,True,False,True,"(1.0, 2.0, 3.0, 4.0, 5.0)",2025-09-16
"[LSTM_d1_ValHR0.6036, LSTM_d3_ValHR0.9904]","(0.0025, 0.04, 0.1)",0.086753762720881,0.0554406616680991,0.1389635047610506,-0.1400801686663766,0.5818170813060796,0.6879735742840964,2.5,True,True,False,True,"(1.0, 2.0, 3.0, 4.0, 5.0)",2025-09-16
[LSTM_d3_ValHR0.9904],"(0.0025, 0.04, 0.1)",0.0804874124314859,0.0506209783086506,0.1514960532812757,-0.2189273671743809,0.9720034801159492,0.5906492068697631,2.5,True,True,False,True,"(1.0, 2.0, 3.0, 4.0, 5.0)",2025-09-16
[LSTM_d3_ValHR0.9904],"(0.0025, 0.04, 0.1)",0.0804874124314859,0.0506209783086506,0.1514960532812757,-0.2189273671743809,0.9720034801159492,0.5906492068697631,2.5,True,True,False,True,"(1.0, 2.0, 3.0, 4.0, 5.0)",2025-09-16
[LSTM_d3_ValHR0.9904],"(0.0025, 0.04, 0.1)",0.0804874124314859,0.0506209783086506,0.1514960532812757,-0.2189273671743809,0.9720034801159492,0.5906492068697631,2.5,True,True,False,True,"(1.0, 2.0, 3.0, 4.0, 5.0)",2025-09-16
[LSTM_d3_ValHR0.9904],"(0.0025, 0.04, 0.1)",0.0804874124314859,0.0506209783086506,0.1514960532812757,-0.2189273671743809,0.9720034801159492,0.5906492068697631,2.5,True,True,False,True,"(1.0, 2.0, 3.0, 4.0, 5.0)",2025-09-16
[LSTM_d1_ValHR0.6036],"(0.0025, 0.04, 0.1)",0.0595491776677568,0.0251971408936488,0.1710473814416615,-0.4058581435094304,0.802016206037902,0.4000738680242265,2.5,True,True,False,True,"(1.0, 2.0, 3.0, 4.0, 5.0)",2025-09-16
[LSTM_d1_ValHR0.6036],"(0.0025, 0.04, 0.1)",0.0595491776677568,0.0251971408936488,0.1710473814416615,-0.4058581435094304,0.802016206037902,0.4000738680242265,2.5,True,True,False,True,"(1.0, 2.0, 3.0, 4.0, 5.0)",2025-09-16
[LSTM_d1_ValHR0.6036],"(0.0025, 0.04, 0.1)",0.0595491776677568,0.0251971408936488,0.1710473814416615,-0.4058581435094304,0.802016206037902,0.4000738680242265,2.5,True,True,False,True,"(1.0, 2.0, 3.0, 4.0, 5.0)",2025-09-16
[LSTM_d1_ValHR0.6036],"(0.0025, 0.04, 0.1)",0.0595491776677568,0.0251971408936488,0.1710473814416615,-0.4058581435094304,0.802016206037902,0.4000738680242265,2.5,True,True,False,True,"(1.0, 2.0, 3.0, 4.0, 5.0)",2025-09-16
[LSTM_c2_ValHR0.9929],"(0.0025, 0.04, 0.1)",0.31971418966123305,0.26012376680126775,0.26992968624590774,-0.09554036709871055,2.308832682336879,1.2699716357444488,2.5,True,True,False,True,"(1.0, 2.0, 3.0, 4.0, 5.0)",2025-10-14
[LSTM_c2_ValHR0.9929],"(0.0025, 0.04, 0.1)",0.31971418966123305,0.26012376680126775,0.26992968624590774,-0.09554036709871055,2.308832682336879,1.2699716357444488,2.5,True,True,False,True,"(1.0, 2.0, 3.0, 4.0, 5.0)",2025-10-14
[LSTM_c2_ValHR0.9929],"(0.0025, 0.04, 0.1)",0.31971418966123305,0.26012376680126775,0.26992968624590774,-0.09554036709871055,2.308832682336879,1.2699716357444488,2.5,True,True,False,True,"(1.0, 2.0, 3.0, 4.0, 5.0)",2025-10-14
[LSTM_c2_ValHR0.9929],"(0.0025, 0.04, 0.1)",0.31971418966123305,0.26012376680126775,0.26992968624590774,-0.09554036709871055,2.308832682336879,1.2699716357444488,2.5,True,True,False,True,"(1.0, 2.0, 3.0, 4.0, 5.0)",2025-10-14
"[LSTM_c2_ValHR0.9929, LSTM_d2_ValHR0.9727]","(0.0025, 0.04, 0.1)",0.2745371793642751,0.22675456286118376,0.22060685124553844,-0.054525736038598574,1.5299047050521184,1.329359260270815,2.5,True,True,False,True,"(1.0, 2.0, 3.0, 4.0, 5.0)",2025-10-14
"[LSTM_c2_ValHR0.9929, LSTM_d2_ValHR0.9727]","(0.0025, 0.04, 0.1)",0.2745371793642751,0.22675456286118376,0.22060685124553844,-0.054525736038598574,1.5299047050521184,1.329359260270815,2.5,True,True,False,True,"(1.0, 2.0, 3.0, 4.0, 5.0)",2025-10-14
"[LSTM_c2_ValHR0.9929, LSTM_d2_ValHR0.9727]","(0.0025, 0.04, 0.1)",0.2745371793642751,0.22675456286118376,0.22060685124553844,-0.054525736038598574,1.5299047050521184,1.329359260270815,2.5,True,True,False,True,"(1.0, 2.0, 3.0, 4.0, 5.0)",2025-10-14
"[LSTM_c2_ValHR0.9929, LSTM_d3_ValHR0.9904]","(0.0025, 0.04, 0.1)",0.2742308486976269,0.22247594398186538,0.23132989462302536,-0.06424017170389033,1.5818329067702634,1.263733852728114,2.5,True,True,False,True,"(1.0, 2.0, 3.0, 4.0, 5.0)",2025-10-14
"[LSTM_c2_ValHR0.9929, LSTM_d3_ValHR0.9904]","(0.0025, 0.04, 0.1)",0.2742308486976269,0.22247594398186538,0.23132989462302536,-0.06424017170389033,1.5818329067702634,1.263733852728114,2.5,True,True,False,True,"(1.0, 2.0, 3.0, 4.0, 5.0)",2025-10-14
"[LSTM_c2_ValHR0.9929, LSTM_d3_ValHR0.9904]","(0.0025, 0.04, 0.1)",0.2742308486976269,0.22247594398186538,0.23132989462302536,-0.06424017170389033,1.5818329067702634,1.263733852728114,2.5,True,True,False,True,"(1.0, 2.0, 3.0, 4.0, 5.0)",2025-10-14
"[LSTM_c2_ValHR0.9929, LSTM_d1_ValHR0.7568]","(0.0025, 0.04, 0.1)",0.2711951200833605,0.24754988300403521,0.19327582433013427,-0.016874049816088647,1.1015174257512519,1.4887382818224488,2.5,True,True,False,True,"(1.0, 2.0, 3.0, 4.0, 5.0)",2025-10-14
"[LSTM_c2_ValHR0.9929, LSTM_d1_ValHR0.7568]","(0.0025, 0.04, 0.1)",0.2711951200833605,0.24754988300403521,0.19327582433013427,-0.016874049816088647,1.1015174257512519,1.4887382818224488,2.5,True,True,False,True,"(1.0, 2.0, 3.0, 4.0, 5.0)",2025-10-14
"[LSTM_c2_ValHR0.9929, LSTM_d1_ValHR0.7568]","(0.0025, 0.04, 0.1)",0.2711951200833605,0.24754988300403521,0.19327582433013427,-0.016874049816088647,1.1015174257512519,1.4887382818224488,2.5,True,True,False,True,"(1.0, 2.0, 3.0, 4.0, 5.0)",2025-10-14
"[LSTM_c1_ValHR0.9368, LSTM_c2_ValHR0.9929, LSTM_d2_ValHR0.9727]","(0.0025, 0.04, 0.1)",0.2566837099368128,0.1939260678970632,0.24239228594556636,-0.04150909495946433,2.004992700545003,1.1409044181857049,2.5,True,True,False,True,"(1.0, 2.0, 3.0, 4.0, 5.0)",2025-10-14
"[LSTM_c1_ValHR0.9368, LSTM_c2_ValHR0.9929]","(0.0025, 0.04, 0.1)",0.25349795647526524,0.19209751094190533,0.23758069100179102,-0.05400885424118003,1.9120186647920343,1.1422956471009509,2.5,True,True,False,True,"(1.0, 2.0, 3.0, 4.0, 5.0)",2025-10-14
"[LSTM_c1_ValHR0.9368, LSTM_c2_ValHR0.9929]","(0.0025, 0.04, 0.1)",0.25349795647526524,0.19209751094190533,0.23758069100179102,-0.05400885424118003,1.9120186647920343,1.1422956471009509,2.5,True,True,False,True,"(1.0, 2.0, 3.0, 4.0, 5.0)",2025-10-14
"[LSTM_c1_ValHR0.9368, LSTM_c2_ValHR0.9929]","(0.0025, 0.04, 0.1)",0.25349795647526524,0.19209751094190533,0.23758069100179102,-0.05400885424118003,1.9120186647920343,1.1422956471009509,2.5,True,True,False,True,"(1.0, 2.0, 3.0, 4.0, 5.0)",2025-10-14
"[LSTM_c2_ValHR0.9929, LSTM_d1_ValHR0.7568, LSTM_d3_ValHR0.9904]","(0.0025, 0.04, 0.1)",0.25170065473923875,0.2045178591793282,0.22857004910629092,-0.06998310683732621,1.581832912240759,1.183176265946089,2.5,True,True,False,True,"(1.0, 2.0, 3.0, 4.0, 5.0)",2025-10-14
"[LSTM_c2_ValHR0.9929, LSTM_d1_ValHR0.7568, LSTM_d2_ValHR0.9727]","(0.0025, 0.04, 0.1)",0.24924125971348593,0.21341858450633402,0.21588488015991233,-0.08727025042939644,1.5225206254815644,1.2339780006903351,2.5,True,True,False,True,"(1.0, 2.0, 3.0, 4.0, 5.0)",2025-10-14
"[LSTM_c2_ValHR0.9929, LSTM_d2_ValHR0.9727]","(0.0025, 0.04, 0.1)",0.24191853326343735,0.20486168385158549,0.19676402410262603,-0.04747908873109245,1.2545692456879045,1.3291097830398477,1.25,True,True,False,True,"(1.0, 2.0, 3.0, 4.0, 5.0)",2025-10-14
"[LSTM_c2_ValHR0.9929, LSTM_d2_ValHR0.9727]","(0.0025, 0.04, 0.1)",0.24191853326343735,0.20486168385158549,0.19676402410262603,-0.04747908873109245,1.2545692456879045,1.3291097830398477,1.25,True,True,False,True,"(1.0, 2.0, 3.0, 4.0, 5.0)",2025-10-14
"[LSTM_c2_ValHR0.9929, LSTM_d2_ValHR0.9727]","(0.0025, 0.04, 0.1)",0.24191853326343735,0.20486168385158549,0.19676402410262603,-0.04747908873109245,1.2545692456879045,1.3291097830398477,1.25,True,True,False,True,"(1.0, 2.0, 3.0, 4.0, 5.0)",2025-10-14
[LSTM_c2_ValHR0.9929],"(0.0025, 0.04, 0.1)",0.24007030604516041,0.1861125165362391,0.22127810725690997,-0.04800983163519078,1.86928193700745,1.177533647125357,1.25,True,True,False,True,"(1.0, 2.0, 3.0, 4.0, 5.0)",2025-10-14
[LSTM_c2_ValHR0.9929],"(0.0025, 0.04, 0.1)",0.24007030604516041,0.1861125165362391,0.22127810725690997,-0.04800983163519078,1.86928193700745,1.177533647125357,1.25,True,True,False,True,"(1.0, 2.0, 3.0, 4.0, 5.0)",2025-10-14
[LSTM_c2_ValHR0.9929],"(0.0025, 0.04, 0.1)",0.24007030604516041,0.1861125165362391,0.22127810725690997,-0.04800983163519078,1.86928193700745,1.177533647125357,1.25,True,True,False,True,"(1.0, 2.0, 3.0, 4.0, 5.0)",2025-10-14
[LSTM_c2_ValHR0.9929],"(0.0025, 0.04, 0.1)",0.24007030604516041,0.1861125165362391,0.22127810725690997,-0.04800983163519078,1.86928193700745,1.177533647125357,1.25,True,True,False,True,"(1.0, 2.0, 3.0, 4.0, 5.0)",2025-10-14
"[LSTM_c1_ValHR0.9368, LSTM_c2_ValHR0.9929, LSTM_d1_ValHR0.7568]","(0.0025, 0.04, 0.1)",0.2354286527757651,0.1896857004027998,0.2389838724340399,-0.10831798947969633,2.004992672219619,1.0616191323976754,2.5,True,True,False,True,"(1.0, 2.0, 3.0, 4.0, 5.0)",2025-10-14
"[LSTM_c1_ValHR0.9368, LSTM_c2_ValHR0.9929, LSTM_d3_ValHR0.9904]","(0.0025, 0.04, 0.1)",0.23177068483516605,0.1834619838180453,0.2607755775922714,-0.12742118747397724,2.3088177008678743,0.9584882003610986,2.5,True,True,False,True,"(1.0, 2.0, 3.0, 4.0, 5.0)",2025-10-14
"[LSTM_c2_ValHR0.9929, LSTM_d3_ValHR0.9904]","(0.0025, 0.04, 0.1)",0.23120215294329013,0.19203910168366306,0.19026076436903783,-0.059411129327740994,1.2610396800948067,1.3160242282644508,1.25,True,True,False,True,"(1.0, 2.0, 3.0, 4.0, 5.0)",2025-10-14
"[LSTM_c2_ValHR0.9929, LSTM_d3_ValHR0.9904]","(0.0025, 0.04, 0.1)",0.23120215294329013,0.19203910168366306,0.19026076436903783,-0.059411129327740994,1.2610396800948067,1.3160242282644508,1.25,True,True,False,True,"(1.0, 2.0, 3.0, 4.0, 5.0)",2025-10-14
"[LSTM_c2_ValHR0.9929, LSTM_d3_ValHR0.9904]","(0.0025, 0.04, 0.1)",0.23120215294329013,0.19203910168366306,0.19026076436903783,-0.059411129327740994,1.2610396800948067,1.3160242282644508,1.25,True,True,False,True,"(1.0, 2.0, 3.0, 4.0, 5.0)",2025-10-14
"[LSTM_c2_ValHR0.9929, LSTM_d1_ValHR0.7568]","(0.0025, 0.04, 0.1)",0.22306776557741217,0.18850054672203498,0.18247128873401391,-0.026525540869841508,1.1680704371587516,1.2978147433287692,1.25,True,True,False,True,"(1.0, 2.0, 3.0, 4.0, 5.0)",2025-10-14
"[LSTM_c2_ValHR0.9929, LSTM_d1_ValHR0.7568]","(0.0025, 0.04, 0.1)",0.22306776557741217,0.18850054672203498,0.18247128873401391,-0.026525540869841508,1.1680704371587516,1.2978147433287692,1.25,True,True,False,True,"(1.0, 2.0, 3.0, 4.0, 5.0)",2025-10-14
"[LSTM_c2_ValHR0.9929, LSTM_d1_ValHR0.7568]","(0.0025, 0.04, 0.1)",0.22306776557741217,0.18850054672203498,0.18247128873401391,-0.026525540869841508,1.1680704371587516,1.2978147433287692,1.25,True,True,False,True,"(1.0, 2.0, 3.0, 4.0, 5.0)",2025-10-14
"[LSTM_c2_ValHR0.9929, LSTM_d2_ValHR0.9727, LSTM_d3_ValHR0.9904]","(0.0025, 0.04, 0.1)",0.2205670241014636,0.19300702666757835,0.17398164509991992,-0.0069764985993223585,1.1774775899879504,1.3645094317178885,1.25,True,True,False,True,"(1.0, 2.0, 3.0, 4.0, 5.0)",2025-10-14
"[LSTM_c2_ValHR0.9929, LSTM_d1_ValHR0.7568, LSTM_d2_ValHR0.9727]","(0.0025, 0.04, 0.1)",0.21617019897959788,0.1807035676878494,0.18498039197926172,-0.05601714202946565,1.2518654242719096,1.2573335490114004,1.25,True,True,False,True,"(1.0, 2.0, 3.0, 4.0, 5.0)",2025-10-14
"[LSTM_c2_ValHR0.9929, LSTM_d1_ValHR0.7568, LSTM_d3_ValHR0.9904]","(0.0025, 0.04, 0.1)",0.21102764568578594,0.1757650555174619,0.1914376385310863,-0.025397320817385216,1.2612169269854385,1.1979026201015666,1.25,True,True,False,True,"(1.0, 2.0, 3.0, 4.0, 5.0)",2025-10-14
"[LSTM_c1_ValHR0.9368, LSTM_d2_ValHR0.9727]","(0.0025, 0.04, 0.1)",0.20277036888687178,0.16316769231920844,0.23627581572754527,-0.052629824043832756,2.0049922951588024,0.9167362698991083,2.5,True,True,False,True,"(1.0, 2.0, 3.0, 4.0, 5.0)",2025-10-14
"[LSTM_c1_ValHR0.9368, LSTM_d2_ValHR0.9727]","(0.0025, 0.04, 0.1)",0.20277036888687178,0.16316769231920844,0.23627581572754527,-0.052629824043832756,2.0049922951588024,0.9167362698991083,2.5,True,True,False,True,"(1.0, 2.0, 3.0, 4.0, 5.0)",2025-10-14
"[LSTM_c1_ValHR0.9368, LSTM_d2_ValHR0.9727]","(0.0025, 0.04, 0.1)",0.20277036888687178,0.16316769231920844,0.23627581572754527,-0.052629824043832756,2.0049922951588024,0.9167362698991083,2.5,True,True,False,True,"(1.0, 2.0, 3.0, 4.0, 5.0)",2025-10-14
"[LSTM_c1_ValHR0.9368, LSTM_c2_ValHR0.9929, LSTM_d2_ValHR0.9727]","(0.0025, 0.04, 0.1)",0.20030542026592194,0.1374302520291427,0.2243886051453837,-0.0566006024474091,1.9605475879519934,0.975933963573909,1.25,True,True,False,True,"(1.0, 2.0, 3.0, 4.0, 5.0)",2025-10-14
"[LSTM_c2_ValHR0.9929, LSTM_d2_ValHR0.9727, LSTM_d3_ValHR0.9904]","(0.0025, 0.04, 0.1)",0.19590092083556798,0.15186005996435814,0.2341744247723915,-0.21624925755792473,1.5818328682076173,0.9194557741769801,2.5,True,True,False,True,"(1.0, 2.0, 3.0, 4.0, 5.0)",2025-10-14
"[LSTM_c1_ValHR0.9368, LSTM_d2_ValHR0.9727, LSTM_d3_ValHR0.9904]","(0.0025, 0.04, 0.1)",0.18842794149006292,0.15194607963110146,0.19265354739963864,-0.12744307491316734,1.3038224544214339,1.0558781832044648,2.5,True,True,False,True,"(1.0, 2.0, 3.0, 4.0, 5.0)",2025-10-14
"[LSTM_c1_ValHR0.9368, LSTM_c2_ValHR0.9929, LSTM_d1_ValHR0.7568]","(0.0025, 0.04, 0.1)",0.18828283577548285,0.13666303622631817,0.2007649776644459,-0.061237810024321104,1.5128298900024193,1.0126815291065028,1.25,True,True,False,True,"(1.0, 2.0, 3.0, 4.0, 5.0)",2025-10-14
"[LSTM_c1_ValHR0.9368, LSTM_c2_ValHR0.9929, LSTM_d3_ValHR0.9904]","(0.0025, 0.04, 0.1)",0.18365749476661297,0.1425266509257589,0.18627193662141842,-0.04877947544982317,1.3699064679734339,1.0739567495391116,1.25,True,True,False,True,"(1.0, 2.0, 3.0, 4.0, 5.0)",2025-10-14
"[LSTM_c1_ValHR0.9368, LSTM_d3_ValHR0.9904]","(0.0025, 0.04, 0.1)",0.1821515120197132,0.1276099366380384,0.2625533675921652,-0.12237569198340201,2.395496439457247,0.7459634786531641,2.5,True,True,False,True,"(1.0, 2.0, 3.0, 4.0, 5.0)",2025-10-14
"[LSTM_c1_ValHR0.9368, LSTM_d3_ValHR0.9904]","(0.0025, 0.04, 0.1)",0.1821515120197132,0.1276099366380384,0.2625533675921652,-0.12237569198340201,2.395496439457247,0.7459634786531641,2.5,True,True,False,True,"(1.0, 2.0, 3.0, 4.0, 5.0)",2025-10-14
"[LSTM_c1_ValHR0.9368, LSTM_d3_ValHR0.9904]","(0.0025, 0.04, 0.1)",0.1821515120197132,0.1276099366380384,0.2625533675921652,-0.12237569198340201,2.395496439457247,0.7459634786531641,2.5,True,True,False,True,"(1.0, 2.0, 3.0, 4.0, 5.0)",2025-10-14
"[LSTM_c1_ValHR0.9368, LSTM_d1_ValHR0.7568, LSTM_d2_ValHR0.9727]","(0.0025, 0.04, 0.1)",0.18104099752656377,0.1536532467163245,0.1943946634990199,-0.10145028368262898,1.2630416175496209,1.002078748693092,2.5,True,True,False,True,"(1.0, 2.0, 3.0, 4.0, 5.0)",2025-10-14
[LSTM_d2_ValHR0.9727],"(0.0025, 0.04, 0.1)",0.17540563989235006,0.14264275549604302,0.164779753468655,-0.138537979704322,0.7491551865504859,1.1188352586177122,1.25,True,True,False,True,"(1.0, 2.0, 3.0, 4.0, 5.0)",2025-10-14
[LSTM_d2_ValHR0.9727],"(0.0025, 0.04, 0.1)",0.17540563989235006,0.14264275549604302,0.164779753468655,-0.138537979704322,0.7491551865504859,1.1188352586177122,1.25,True,True,False,True,"(1.0, 2.0, 3.0, 4.0, 5.0)",2025-10-14
[LSTM_d2_ValHR0.9727],"(0.0025, 0.04, 0.1)",0.17540563989235006,0.14264275549604302,0.164779753468655,-0.138537979704322,0.7491551865504859,1.1188352586177122,1.25,True,True,False,True,"(1.0, 2.0, 3.0, 4.0, 5.0)",2025-10-14
[LSTM_d2_ValHR0.9727],"(0.0025, 0.04, 0.1)",0.17540563989235006,0.14264275549604302,0.164779753468655,-0.138537979704322,0.7491551865504859,1.1188352586177122,1.25,True,True,False,True,"(1.0, 2.0, 3.0, 4.0, 5.0)",2025-10-14
"[LSTM_c1_ValHR0.9368, LSTM_c2_ValHR0.9929]","(0.0025, 0.04, 0.1)",0.174936775136802,0.13540264317554368,0.18371834749079877,-0.13369642383577163,1.362076395688101,1.0341489220659354,1.25,True,True,False,True,"(1.0, 2.0, 3.0, 4.0, 5.0)",2025-10-14
"[LSTM_c1_ValHR0.9368, LSTM_c2_ValHR0.9929]","(0.0025, 0.04, 0.1)",0.174936775136802,0.13540264317554368,0.18371834749079877,-0.13369642383577163,1.362076395688101,1.0341489220659354,1.25,True,True,False,True,"(1.0, 2.0, 3.0, 4.0, 5.0)",2025-10-14
"[LSTM_c1_ValHR0.9368, LSTM_c2_ValHR0.9929]","(0.0025, 0.04, 0.1)",0.174936775136802,0.13540264317554368,0.18371834749079877,-0.13369642383577163,1.362076395688101,1.0341489220659354,1.25,True,True,False,True,"(1.0, 2.0, 3.0, 4.0, 5.0)",2025-10-14
"[LSTM_c1_ValHR0.9368, LSTM_d1_ValHR0.7568]","(0.0025, 0.04, 0.1)",0.16512640620162644,0.11871860192608923,0.19942451099161276,-0.10733322079874302,1.2630464398821142,0.8868527123837787,2.5,True,True,False,True,"(1.0, 2.0, 3.0, 4.0, 5.0)",2025-10-14
"[LSTM_c1_ValHR0.9368, LSTM_d1_ValHR0.7568]","(0.0025, 0.04, 0.1)",0.16512640620162644,0.11871860192608923,0.19942451099161276,-0.10733322079874302,1.2630464398821142,0.8868527123837787,2.5,True,True,False,True,"(1.0, 2.0, 3.0, 4.0, 5.0)",2025-10-14
"[LSTM_c1_ValHR0.9368, LSTM_d1_ValHR0.7568]","(0.0025, 0.04, 0.1)",0.16512640620162644,0.11871860192608923,0.19942451099161276,-0.10733322079874302,1.2630464398821142,0.8868527123837787,2.5,True,True,False,True,"(1.0, 2.0, 3.0, 4.0, 5.0)",2025-10-14
[LSTM_c1_ValHR0.9368],"(0.0025, 0.04, 0.1)",0.16323573122478208,0.11939146231008599,0.20609146466840494,-0.12040432080768554,1.3776393131121278,0.8736231371810573,2.5,True,True,False,True,"(1.0, 2.0, 3.0, 4.0, 5.0)",2025-10-14
[LSTM_c1_ValHR0.9368],"(0.0025, 0.04, 0.1)",0.16323573122478208,0.11939146231008599,0.20609146466840494,-0.12040432080768554,1.3776393131121278,0.8736231371810573,2.5,True,True,False,True,"(1.0, 2.0, 3.0, 4.0, 5.0)",2025-10-14
[LSTM_c1_ValHR0.9368],"(0.0025, 0.04, 0.1)",0.16323573122478208,0.11939146231008599,0.20609146466840494,-0.12040432080768554,1.3776393131121278,0.8736231371810573,2.5,True,True,False,True,"(1.0, 2.0, 3.0, 4.0, 5.0)",2025-10-14
[LSTM_c1_ValHR0.9368],"(0.0025, 0.04, 0.1)",0.16323573122478208,0.11939146231008599,0.20609146466840494,-0.12040432080768554,1.3776393131121278,0.8736231371810573,2.5,True,True,False,True,"(1.0, 2.0, 3.0, 4.0, 5.0)",2025-10-14
"[LSTM_c1_ValHR0.9368, LSTM_d2_ValHR0.9727]","(0.0025, 0.04, 0.1)",0.16296602073143335,0.12114971723894374,0.17530391993018699,-0.08632543407276425,1.2017266335983559,1.013290499727334,1.25,True,True,False,True,"(1.0, 2.0, 3.0, 4.0, 5.0)",2025-10-14
"[LSTM_c1_ValHR0.9368, LSTM_d2_ValHR0.9727]","(0.0025, 0.04, 0.1)",0.16296602073143335,0.12114971723894374,0.17530391993018699,-0.08632543407276425,1.2017266335983559,1.013290499727334,1.25,True,True,False,True,"(1.0, 2.0, 3.0, 4.0, 5.0)",2025-10-14
"[LSTM_c1_ValHR0.9368, LSTM_d2_ValHR0.9727]","(0.0025, 0.04, 0.1)",0.16296602073143335,0.12114971723894374,0.17530391993018699,-0.08632543407276425,1.2017266335983559,1.013290499727334,1.25,True,True,False,True,"(1.0, 2.0, 3.0, 4.0, 5.0)",2025-10-14
[LSTM_d2_ValHR0.9727],"(0.0025, 0.04, 0.1)",0.16114227323936553,0.13602946406048416,0.17436635834667352,-0.2057898389467982,0.7150368197841719,0.9618638827746077,2.5,True,True,False,True,"(1.0, 2.0, 3.0, 4.0, 5.0)",2025-10-14
[LSTM_d2_ValHR0.9727],"(0.0025, 0.04, 0.1)",0.16114227323936553,0.13602946406048416,0.17436635834667352,-0.2057898389467982,0.7150368197841719,0.9618638827746077,2.5,True,True,False,True,"(1.0, 2.0, 3.0, 4.0, 5.0)",2025-10-14
[LSTM_d2_ValHR0.9727],"(0.0025, 0.04, 0.1)",0.16114227323936553,0.13602946406048416,0.17436635834667352,-0.2057898389467982,0.7150368197841719,0.9618638827746077,2.5,True,True,False,True,"(1.0, 2.0, 3.0, 4.0, 5.0)",2025-10-14
[LSTM_d2_ValHR0.9727],"(0.0025, 0.04, 0.1)",0.16114227323936553,0.13602946406048416,0.17436635834667352,-0.2057898389467982,0.7150368197841719,0.9618638827746077,2.5,True,True,False,True,"(1.0, 2.0, 3.0, 4.0, 5.0)",2025-10-14
"[LSTM_c1_ValHR0.9368, LSTM_d2_ValHR0.9727, LSTM_d3_ValHR0.9904]","(0.0025, 0.04, 0.1)",0.16047228678466996,0.12698231692470155,0.17066962450946396,-0.08410765772718364,1.2708449489271723,1.0346558017358065,1.25,True,True,False,True,"(1.0, 2.0, 3.0, 4.0, 5.0)",2025-10-14
"[LSTM_c1_ValHR0.9368, LSTM_d1_ValHR0.7568, LSTM_d2_ValHR0.9727]","(0.0025, 0.04, 0.1)",0.15801400859293332,0.12743728981083632,0.17363352833227907,-0.09375033995358206,1.0660235688412731,0.9870089347785616,1.25,True,True,False,True,"(1.0, 2.0, 3.0, 4.0, 5.0)",2025-10-14
"[LSTM_c1_ValHR0.9368, LSTM_d1_ValHR0.7568, LSTM_d3_ValHR0.9904]","(0.0025, 0.04, 0.1)",0.1525143843458399,0.12571022785917627,0.16672129488879103,-0.13562006126365,0.8385750622499385,0.9608556165018189,2.5,True,True,False,True,"(1.0, 2.0, 3.0, 4.0, 5.0)",2025-10-14
"[LSTM_c1_ValHR0.9368, LSTM_d3_ValHR0.9904]","(0.0025, 0.04, 0.1)",0.15184335158269627,0.11510650699414417,0.2189856820591448,-0.08976704375156574,1.9578292696081063,0.761876861763942,1.25,True,True,False,True,"(1.0, 2.0, 3.0, 4.0, 5.0)",2025-10-14
"[LSTM_c1_ValHR0.9368, LSTM_d3_ValHR0.9904]","(0.0025, 0.04, 0.1)",0.15184335158269627,0.11510650699414417,0.2189856820591448,-0.08976704375156574,1.9578292696081063,0.761876861763942,1.25,True,True,False,True,"(1.0, 2.0, 3.0, 4.0, 5.0)",2025-10-14
"[LSTM_c1_ValHR0.9368, LSTM_d3_ValHR0.9904]","(0.0025, 0.04, 0.1)",0.15184335158269627,0.11510650699414417,0.2189856820591448,-0.08976704375156574,1.9578292696081063,0.761876861763942,1.25,True,True,False,True,"(1.0, 2.0, 3.0, 4.0, 5.0)",2025-10-14
"[LSTM_d2_ValHR0.9727, LSTM_d3_ValHR0.9904]","(0.0025, 0.04, 0.1)",0.13954217046421882,0.10716200429089065,0.1579852347362168,-0.11863391556971424,1.1374529839134617,0.9606989287712294,1.25,True,True,False,True,"(1.0, 2.0, 3.0, 4.0, 5.0)",2025-10-14
"[LSTM_d2_ValHR0.9727, LSTM_d3_ValHR0.9904]","(0.0025, 0.04, 0.1)",0.13954217046421882,0.10716200429089065,0.1579852347362168,-0.11863391556971424,1.1374529839134617,0.9606989287712294,1.25,True,True,False,True,"(1.0, 2.0, 3.0, 4.0, 5.0)",2025-10-14
"[LSTM_d2_ValHR0.9727, LSTM_d3_ValHR0.9904]","(0.0025, 0.04, 0.1)",0.13954217046421882,0.10716200429089065,0.1579852347362168,-0.11863391556971424,1.1374529839134617,0.9606989287712294,1.25,True,True,False,True,"(1.0, 2.0, 3.0, 4.0, 5.0)",2025-10-14
"[LSTM_d1_ValHR0.7568, LSTM_d2_ValHR0.9727]","(0.0025, 0.04, 0.1)",0.13230471909210562,0.1124045578430264,0.14901927028573084,-0.1667153204374944,0.7206312430330776,0.9541807035027305,1.25,True,True,False,True,"(1.0, 2.0, 3.0, 4.0, 5.0)",2025-10-14
"[LSTM_d1_ValHR0.7568, LSTM_d2_ValHR0.9727]","(0.0025, 0.04, 0.1)",0.13230471909210562,0.1124045578430264,0.14901927028573084,-0.1667153204374944,0.7206312430330776,0.9541807035027305,1.25,True,True,False,True,"(1.0, 2.0, 3.0, 4.0, 5.0)",2025-10-14
"[LSTM_d1_ValHR0.7568, LSTM_d2_ValHR0.9727]","(0.0025, 0.04, 0.1)",0.13230471909210562,0.1124045578430264,0.14901927028573084,-0.1667153204374944,0.7206312430330776,0.9541807035027305,1.25,True,True,False,True,"(1.0, 2.0, 3.0, 4.0, 5.0)",2025-10-14
"[LSTM_d1_ValHR0.7568, LSTM_d2_ValHR0.9727, LSTM_d3_ValHR0.9904]","(0.0025, 0.04, 0.1)",0.12530104584125906,0.11111654778373854,0.14441500387940598,-0.16881800558206703,0.6843722331839052,0.9245404294892776,1.25,True,True,False,True,"(1.0, 2.0, 3.0, 4.0, 5.0)",2025-10-14
"[LSTM_c1_ValHR0.9368, LSTM_d1_ValHR0.7568]","(0.0025, 0.04, 0.1)",0.12510398525590913,0.09335255448776972,0.161859168880787,-0.08630310266751662,1.1754759734373283,0.8494585453330114,1.25,True,True,False,True,"(1.0, 2.0, 3.0, 4.0, 5.0)",2025-10-14
"[LSTM_c1_ValHR0.9368, LSTM_d1_ValHR0.7568]","(0.0025, 0.04, 0.1)",0.12510398525590913,0.09335255448776972,0.161859168880787,-0.08630310266751662,1.1754759734373283,0.8494585453330114,1.25,True,True,False,True,"(1.0, 2.0, 3.0, 4.0, 5.0)",2025-10-14
"[LSTM_c1_ValHR0.9368, LSTM_d1_ValHR0.7568]","(0.0025, 0.04, 0.1)",0.12510398525590913,0.09335255448776972,0.161859168880787,-0.08630310266751662,1.1754759734373283,0.8494585453330114,1.25,True,True,False,True,"(1.0, 2.0, 3.0, 4.0, 5.0)",2025-10-14
"[LSTM_d1_ValHR0.7568, LSTM_d2_ValHR0.9727, LSTM_d3_ValHR0.9904]","(0.0025, 0.04, 0.1)",0.12307267405162557,0.09838879233994463,0.16228480743811863,-0.24908978139821453,0.7339274508703195,0.8193870207215169,2.5,True,True,False,True,"(1.0, 2.0, 3.0, 4.0, 5.0)",2025-10-14
"[LSTM_c1_ValHR0.9368, LSTM_d1_ValHR0.7568, LSTM_d3_ValHR0.9904]","(0.0025, 0.04, 0.1)",0.12223866324733826,0.09315109716761344,0.1513279184950383,-0.09478841931395957,0.9483059841240473,0.8761119805289505,1.25,True,True,False,True,"(1.0, 2.0, 3.0, 4.0, 5.0)",2025-10-14
[LSTM_c1_ValHR0.9368],"(0.0025, 0.04, 0.1)",0.11933463915840917,0.08111145401864345,0.1605236187652775,-0.14550955433718538,0.9595794283686225,0.8304140788976724,1.25,True,True,False,True,"(1.0, 2.0, 3.0, 4.0, 5.0)",2025-10-14
[LSTM_c1_ValHR0.9368],"(0.0025, 0.04, 0.1)",0.11933463915840917,0.08111145401864345,0.1605236187652775,-0.14550955433718538,0.9595794283686225,0.8304140788976724,1.25,True,True,False,True,"(1.0, 2.0, 3.0, 4.0, 5.0)",2025-10-14
[LSTM_c1_ValHR0.9368],"(0.0025, 0.04, 0.1)",0.11933463915840917,0.08111145401864345,0.1605236187652775,-0.14550955433718538,0.9595794283686225,0.8304140788976724,1.25,True,True,False,True,"(1.0, 2.0, 3.0, 4.0, 5.0)",2025-10-14
[LSTM_c1_ValHR0.9368],"(0.0025, 0.04, 0.1)",0.11933463915840917,0.08111145401864345,0.1605236187652775,-0.14550955433718538,0.9595794283686225,0.8304140788976724,1.25,True,True,False,True,"(1.0, 2.0, 3.0, 4.0, 5.0)",2025-10-14
"[LSTM_d1_ValHR0.7568, LSTM_d2_ValHR0.9727]","(0.0025, 0.04, 0.1)",0.11328606176923288,0.0909965579038707,0.16572702108820342,-0.18035621180873493,0.8359488394131266,0.7302024323167543,2.5,True,True,False,True,"(1.0, 2.0, 3.0, 4.0, 5.0)",2025-10-14
"[LSTM_d1_ValHR0.7568, LSTM_d2_ValHR0.9727]","(0.0025, 0.04, 0.1)",0.11328606176923288,0.0909965579038707,0.16572702108820342,-0.18035621180873493,0.8359488394131266,0.7302024323167543,2.5,True,True,False,True,"(1.0, 2.0, 3.0, 4.0, 5.0)",2025-10-14
"[LSTM_d1_ValHR0.7568, LSTM_d2_ValHR0.9727]","(0.0025, 0.04, 0.1)",0.11328606176923288,0.0909965579038707,0.16572702108820342,-0.18035621180873493,0.8359488394131266,0.7302024323167543,2.5,True,True,False,True,"(1.0, 2.0, 3.0, 4.0, 5.0)",2025-10-14
"[LSTM_d2_ValHR0.9727, LSTM_d3_ValHR0.9904]","(0.0025, 0.04, 0.1)",0.11029161215983743,0.07784997844026609,0.19329689761359511,-0.22575123542026038,1.5233852185250596,0.6384522911580606,2.5,True,True,False,True,"(1.0, 2.0, 3.0, 4.0, 5.0)",2025-10-14
"[LSTM_d2_ValHR0.9727, LSTM_d3_ValHR0.9904]","(0.0025, 0.04, 0.1)",0.11029161215983743,0.07784997844026609,0.19329689761359511,-0.22575123542026038,1.5233852185250596,0.6384522911580606,2.5,True,True,False,True,"(1.0, 2.0, 3.0, 4.0, 5.0)",2025-10-14
"[LSTM_d2_ValHR0.9727, LSTM_d3_ValHR0.9904]","(0.0025, 0.04, 0.1)",0.11029161215983743,0.07784997844026609,0.19329689761359511,-0.22575123542026038,1.5233852185250596,0.6384522911580606,2.5,True,True,False,True,"(1.0, 2.0, 3.0, 4.0, 5.0)",2025-10-14
"[LSTM_d1_ValHR0.7568, LSTM_d3_ValHR0.9904]","(0.0025, 0.04, 0.1)",0.09033108011587221,0.06341290799665635,0.15073160830198587,-0.20928544826026177,0.8167244484122271,0.6865396830662064,1.25,True,True,False,True,"(1.0, 2.0, 3.0, 4.0, 5.0)",2025-10-14
"[LSTM_d1_ValHR0.7568, LSTM_d3_ValHR0.9904]","(0.0025, 0.04, 0.1)",0.09033108011587221,0.06341290799665635,0.15073160830198587,-0.20928544826026177,0.8167244484122271,0.6865396830662064,1.25,True,True,False,True,"(1.0, 2.0, 3.0, 4.0, 5.0)",2025-10-14
"[LSTM_d1_ValHR0.7568, LSTM_d3_ValHR0.9904]","(0.0025, 0.04, 0.1)",0.09033108011587221,0.06341290799665635,0.15073160830198587,-0.20928544826026177,0.8167244484122271,0.6865396830662064,1.25,True,True,False,True,"(1.0, 2.0, 3.0, 4.0, 5.0)",2025-10-14
"[LSTM_d1_ValHR0.7568, LSTM_d3_ValHR0.9904]","(0.0025, 0.04, 0.1)",0.09001577048567751,0.05892572598976802,0.14963938250866834,-0.188063824901592,0.8131699323883913,0.6799615533091515,2.5,True,True,False,True,"(1.0, 2.0, 3.0, 4.0, 5.0)",2025-10-14
"[LSTM_d1_ValHR0.7568, LSTM_d3_ValHR0.9904]","(0.0025, 0.04, 0.1)",0.09001577048567751,0.05892572598976802,0.14963938250866834,-0.188063824901592,0.8131699323883913,0.6799615533091515,2.5,True,True,False,True,"(1.0, 2.0, 3.0, 4.0, 5.0)",2025-10-14
"[LSTM_d1_ValHR0.7568, LSTM_d3_ValHR0.9904]","(0.0025, 0.04, 0.1)",0.09001577048567751,0.05892572598976802,0.14963938250866834,-0.188063824901592,0.8131699323883913,0.6799615533091515,2.5,True,True,False,True,"(1.0, 2.0, 3.0, 4.0, 5.0)",2025-10-14
[LSTM_d1_ValHR0.7568],"(0.0025, 0.04, 0.1)",0.07115239191485337,0.03347072244705185,0.1779391307881527,-0.4282268494300182,0.8502500544171907,0.44860684257221145,2.5,True,True,False,True,"(1.0, 2.0, 3.0, 4.0, 5.0)",2025-10-14
[LSTM_d1_ValHR0.7568],"(0.0025, 0.04, 0.1)",0.07115239191485337,0.03347072244705185,0.1779391307881527,-0.4282268494300182,0.8502500544171907,0.44860684257221145,2.5,True,True,False,True,"(1.0, 2.0, 3.0, 4.0, 5.0)",2025-10-14
[LSTM_d1_ValHR0.7568],"(0.0025, 0.04, 0.1)",0.07115239191485337,0.03347072244705185,0.1779391307881527,-0.4282268494300182,0.8502500544171907,0.44860684257221145,2.5,True,True,False,True,"(1.0, 2.0, 3.0, 4.0, 5.0)",2025-10-14
[LSTM_d1_ValHR0.7568],"(0.0025, 0.04, 0.1)",0.07115239191485337,0.03347072244705185,0.1779391307881527,-0.4282268494300182,0.8502500544171907,0.44860684257221145,2.5,True,True,False,True,"(1.0, 2.0, 3.0, 4.0, 5.0)",2025-10-14
[LSTM_d1_ValHR0.7568],"(0.0025, 0.04, 0.1)",0.06730070743317604,0.036092982361267026,0.16182981936842586,-0.4479604107722244,0.6254485755143941,0.4675773481848663,1.25,True,True,False,True,"(1.0, 2.0, 3.0, 4.0, 5.0)",2025-10-14
[LSTM_d1_ValHR0.7568],"(0.0025, 0.04, 0.1)",0.06730070743317604,0.036092982361267026,0.16182981936842586,-0.4479604107722244,0.6254485755143941,0.4675773481848663,1.25,True,True,False,True,"(1.0, 2.0, 3.0, 4.0, 5.0)",2025-10-14
[LSTM_d1_ValHR0.7568],"(0.0025, 0.04, 0.1)",0.06730070743317604,0.036092982361267026,0.16182981936842586,-0.4479604107722244,0.6254485755143941,0.4675773481848663,1.25,True,True,False,True,"(1.0, 2.0, 3.0, 4.0, 5.0)",2025-10-14
[LSTM_d1_ValHR0.7568],"(0.0025, 0.04, 0.1)",0.06730070743317604,0.036092982361267026,0.16182981936842586,-0.4479604107722244,0.6254485755143941,0.4675773481848663,1.25,True,True,False,True,"(1.0, 2.0, 3.0, 4.0, 5.0)",2025-10-14
[LSTM_d3_ValHR0.9904],"(0.0025, 0.04, 0.1)",0.05150180064004084,0.03010825200522501,0.12983910559244577,-0.24943323903293424,0.527703899714527,0.4474590447927097,1.25,True,True,False,True,"(1.0, 2.0, 3.0, 4.0, 5.0)",2025-10-14
[LSTM_d3_ValHR0.9904],"(0.0025, 0.04, 0.1)",0.05150180064004084,0.03010825200522501,0.12983910559244577,-0.24943323903293424,0.527703899714527,0.4474590447927097,1.25,True,True,False,True,"(1.0, 2.0, 3.0, 4.0, 5.0)",2025-10-14
[LSTM_d3_ValHR0.9904],"(0.0025, 0.04, 0.1)",0.05150180064004084,0.03010825200522501,0.12983910559244577,-0.24943323903293424,0.527703899714527,0.4474590447927097,1.25,True,True,False,True,"(1.0, 2.0, 3.0, 4.0, 5.0)",2025-10-14
[LSTM_d3_ValHR0.9904],"(0.0025, 0.04, 0.1)",0.05150180064004084,0.03010825200522501,0.12983910559244577,-0.24943323903293424,0.527703899714527,0.4474590447927097,1.25,True,True,False,True,"(1.0, 2.0, 3.0, 4.0, 5.0)",2025-10-14
[LSTM_d3_ValHR0.9904],"(0.0025, 0.04, 0.1)",0.034550037360616404,0.027632418073418652,0.13047695953279015,-0.22629605252807758,0.38972421596260154,0.3237900391126802,2.5,True,True,False,True,"(1.0, 2.0, 3.0, 4.0, 5.0)",2025-10-14
[LSTM_d3_ValHR0.9904],"(0.0025, 0.04, 0.1)",0.034550037360616404,0.027632418073418652,0.13047695953279015,-0.22629605252807758,0.38972421596260154,0.3237900391126802,2.5,True,True,False,True,"(1.0, 2.0, 3.0, 4.0, 5.0)",2025-10-14
[LSTM_d3_ValHR0.9904],"(0.0025, 0.04, 0.1)",0.034550037360616404,0.027632418073418652,0.13047695953279015,-0.22629605252807758,0.38972421596260154,0.3237900391126802,2.5,True,True,False,True,"(1.0, 2.0, 3.0, 4.0, 5.0)",2025-10-14
[LSTM_d3_ValHR0.9904],"(0.0025, 0.04, 0.1)",0.034550037360616404,0.027632418073418652,0.13047695953279015,-0.22629605252807758,0.38972421596260154,0.3237900391126802,2.5,True,True,False,True,"(1.0, 2.0, 3.0, 4.0, 5.0)",2025-10-14
